ride_id,avg_accel_magnitude,std_accel_magnitude,max_jerk,vibration_index,mean_speed,max_speed,total_distance_m,altitude_gain_m,num_stops,weather,timestamp_local,lat,lon,timezone,suspicious_flag,maintenance_log
115.948,0.47,0.215,0.042,0.083,4.638,4.56,2891.674,13.117,37.488,Rainy,9/15/25 18:36,29.091,82.024,Asia/Kolkata,0.919,Good
185.715,0.163,0.223,-0.431,0.053,5.0,10.422,2473.232,75.22,51.829,Normal,9/28/25 15:32,25.615,80.485,Asia/Kolkata,0.977,Brake_Risk
76.748,0.248,0.394,2.507,0.084,26.317,10.705,2466.011,32.459,16.232,Normal,9/24/25 18:50,27.385,80.613,Asia/Kolkata,1.081,Multi_Risk
255.0,0.78,0.35,1.92,0.06,5.53,8.91,4175.98,0.0,40.0,Hot,9/9/25 19:07,26.7606,83.3732,Asia/Kolkata,0.0,Good
63.0,0.22,0.85,0.92,0.09,13.3,10.75,695.21,43.84,102.1199184,Normal,9/26/25 11:51,26.7606,83.3732,Asia/Kolkata,1.0,Tire_Risk
51.627,0.598,0.274,1.995,0.114,4.261,9.999,2137.609,44.689,10.776,Normal,9/21/25 7:16,26.541,81.613,Asia/Kolkata,0.0,Tire_Risk
36.0,0.26,0.33,1.17,0.02,4.44,8.97,2600.93,32.18,34.0,Hot,9/8/25 18:54,26.7606,83.3732,Asia/Kolkata,0.0,Good
195.455,0.265,0.495,1.022,0.109,4.958,5.713,2264.902,48.457,76.19,Rainy,9/20/25 20:46,29.163,79.01,Asia/Kolkata,0.0,Multi_Risk
257.0,0.55,0.35,1.58,0.04,4.44,10.58,2896.73,0.0,38.0,Normal,9/30/25 18:48,26.7606,83.3732,Asia/Kolkata,0.0,Good
205.592,0.141,0.234,-0.423,0.051,5.08,10.045,2634.41,63.565,48.774,Normal,9/28/25 15:32,25.006,76.951,Asia/Kolkata,0.947,Brake_Risk
177.0,0.53,0.15,1.28,0.06,6.05,11.84,484.64,11.99,34.0,Hot,9/13/25 8:54,26.7606,83.3732,Asia/Kolkata,0.0,Good
125.404,0.52,0.345,0.474,0.071,4.868,10.796,1433.18,38.916,59.186,Normal,9/28/25 6:26,24.926,80.539,Asia/Kolkata,0.0,Good
34.576,0.243,0.289,1.071,-0.028,3.507,11.136,1357.602,18.556,0.0,Normal,9/21/25 14:17,25.126,76.462,Asia/Kolkata,0.904,Good
64.075,0.354,0.416,3.374,0.082,4.22,5.918,2272.124,56.541,48.108,Normal,9/30/25 13:51,25.585,77.671,Asia/Kolkata,1.039,Multi_Risk
232.826,0.289,0.397,3.608,0.039,5.627,6.442,1438.817,56.706,51.109,Normal,9/21/25 8:04,24.862,91.024,Asia/Kolkata,0.0,Brake_Risk
197.0,0.2,0.66,-0.55,0.08,4.01,8.74,884.04,15.62,27.0,Rainy,9/6/25 16:56,26.7606,83.3732,Asia/Kolkata,0.0,Tire_Risk
103.0,0.54,0.37,1.12,0.05,6.13,10.11,1475.32,43.66,27.0,Normal,9/26/25 6:19,26.7606,83.3732,Asia/Kolkata,0.0,Good
150.0,0.5,0.44,1.64,0.12,6.22,10.64,2623.27,0.0,40.0,Hot,9/9/25 9:08,26.7606,83.3732,Asia/Kolkata,0.0,Tire_Risk
66.0,0.62,0.19,1.04,0.12,4.85,8.04,749.02,36.36,61.0,Normal,9/28/25 13:46,26.7606,83.3732,Asia/Kolkata,0.0,Tire_Risk
287.0,0.41,0.16,0.3,0.01,5.93,10.36,988.2,45.54,26.0,Hot,9/8/25 10:49,26.7606,83.3732,Asia/Kolkata,0.0,Good
5.0,0.44,0.37,2.07,0.07,4.32,10.25,834.53,14.73,36.0,Normal,9/30/25 6:00,26.7606,83.3732,Asia/Kolkata,0.0,Good
54.762,0.345,0.415,3.253,0.093,4.157,6.098,2107.363,53.718,53.623,Normal,9/30/25 13:51,26.173,77.697,Asia/Kolkata,0.937,Multi_Risk
201.67,0.437,0.667,2.746,0.093,3.336,7.438,3043.505,66.391,74.637,Rainy,9/7/25 12:52,25.746,86.616,Asia/Kolkata,0.0,Multi_Risk
131.087,0.426,0.284,1.395,0.096,5.539,11.929,1321.547,58.905,57.556,Rainy,10/1/25 6:32,24.363,85.097,Asia/Kolkata,1.029,Multi_Risk
241.396,0.251,0.389,3.288,0.044,5.564,6.181,1590.998,55.006,52.486,Normal,9/21/25 8:04,26.498,80.492,Asia/Kolkata,0.0,Brake_Risk
129.754,0.366,0.238,1.27,0.123,5.685,8.055,732.632,50.828,43.33,Hot,9/5/25 12:03,25.623,79.553,Asia/Kolkata,0.0,Multi_Risk
229.0,0.53,0.37,0.7,0.03,5.67,10.74,201.79,41.7,34.0,Normal,9/21/25 13:18,26.7606,83.3732,Asia/Kolkata,0.0,Good
264.105,0.523,0.617,0.982,0.076,4.807,13.151,2222.644,0.0,45.179,Normal,9/26/25 12:44,27.204,84.688,Asia/Kolkata,0.0,Good
268.357,0.528,0.328,0.333,0.095,5.644,8.88,47.321,236.472,57.382,Normal,9/26/25 12:18,25.923,79.406,Asia/Kolkata,0.0,Multi_Risk
76.71,0.39,0.523,2.273,0.029,4.295,7.123,4288.229,66.037,44.173,Rainy,10/2/25 14:37,28.058,82.358,Asia/Kolkata,0.0,Brake_Risk
203.116,0.38,0.34,1.343,0.13,4.622,7.743,2225.14,56.505,40.05,Normal,9/19/25 17:36,24.59,78.285,Asia/Kolkata,0.964,Multi_Risk
24.0,0.62,0.39,1.51,0.08,5.0,7.23,1782.17,50.19,30.0,Rainy,9/23/25 20:49,26.7606,83.3732,Asia/Kolkata,0.0,Tire_Risk
268.0,0.53,0.66,0.98,0.03,4.04,9.73,1029.73,15.74,22.0,Normal,9/26/25 16:48,26.7606,83.3732,Asia/Kolkata,1.0,Good
259.0,0.41,0.53,1.85,0.09,5.21,7.73,2901.67,11.56,61.0,Normal,9/28/25 17:28,26.7606,83.3732,Asia/Kolkata,0.0,Tire_Risk
95.0,0.4,0.26,1.95,0.09,4.23,9.55,2616.71,42.56,24.0,Hot,9/11/25 20:01,26.7606,83.3732,Asia/Kolkata,0.0,Tire_Risk
118.0,0.39,0.24,1.35,0.12,5.85,8.59,806.99,54.38,43.0,Hot,9/5/25 12:03,26.7606,83.3732,Asia/Kolkata,0.0,Multi_Risk
103.769,0.35,0.099,2.255,0.076,5.854,10.505,115.952,35.718,22.265,Normal,9/30/25 18:20,29.063,91.696,Asia/Kolkata,0.0,Good
135.156,0.431,0.307,1.374,0.09,5.475,12.283,1244.612,56.046,60.122,Rainy,10/1/25 6:32,29.07,91.71,Asia/Kolkata,0.922,Multi_Risk
210.734,0.137,0.201,-0.436,0.055,4.451,9.206,2684.355,69.048,50.79,Normal,9/28/25 15:32,25.992,77.862,Asia/Kolkata,0.94,Brake_Risk
223.898,0.533,1.142,1.232,0.04,14.004,8.73,2345.553,22.21,9.671,Normal,9/21/25 9:34,28.915,88.627,Asia/Kolkata,0.924,Tire_Risk
66.693,0.461,0.564,2.3,0.031,4.261,7.755,4286.918,68.387,37.907,Rainy,10/2/25 14:37,25.88,76.539,Asia/Kolkata,0.0,Brake_Risk
101.0,0.37,0.09,2.21,0.07,5.35,10.72,108.02,38.56,22.0,Normal,9/30/25 18:20,26.7606,83.3732,Asia/Kolkata,0.0,Good
134.667,0.418,0.284,1.365,0.086,4.867,11.718,1326.478,50.843,61.962,Rainy,10/1/25 6:32,28.847,77.029,Asia/Kolkata,1.045,Multi_Risk
195.898,0.668,0.336,2.281,0.086,2.613,10.454,1965.439,52.77,43.346,Normal,9/19/25 10:04,25.629,83.807,Asia/Kolkata,0.995,Multi_Risk
88.0,0.61,0.29,0.76,0.04,6.52,11.05,325.2,0.0,45.0,Normal,9/19/25 6:57,26.7606,83.3732,Asia/Kolkata,0.0,Good
64.0,0.6,0.35,1.89,0.13,3.78,8.24,816.21,43.27,45.0,Normal,9/28/25 15:49,26.7606,83.3732,Asia/Kolkata,0.0,Tire_Risk
236.607,0.543,0.285,2.117,0.107,3.216,10.129,61.543,49.609,70.19,Normal,9/19/25 19:21,24.693,80.689,Asia/Kolkata,0.0,Multi_Risk
93.979,0.549,0.35,1.348,0.04,4.262,10.807,2714.483,58.94,33.616,Normal,9/24/25 19:06,25.292,87.705,Asia/Kolkata,0.0,Good
196.0,0.88,0.34,1.45,0.05,5.6,8.87,1085.63,19.38,9.0,Normal,9/28/25 7:26,26.7606,83.3732,Asia/Kolkata,0.0,Good
126.286,0.389,0.259,1.411,0.11,6.322,8.449,875.86,50.005,46.511,Hot,9/5/25 12:03,28.621,89.052,Asia/Kolkata,0.0,Multi_Risk
232.0,0.53,1.23,1.27,0.04,14.61,8.98,2408.56,21.09,10.0,Normal,9/21/25 9:34,26.7606,83.3732,Asia/Kolkata,1.0,Tire_Risk
239.0,0.55,0.26,1.76,0.21,5.22,6.91,1249.78,20.66,77.0,Rainy,10/2/25 9:07,26.7606,83.3732,Asia/Kolkata,0.0,Tire_Risk
235.361,0.265,0.582,1.692,0.08,4.542,6.492,429.043,37.362,34.784,Normal,9/24/25 10:01,25.204,78.095,Asia/Kolkata,0.0,Good
240.443,0.491,0.282,2.287,0.121,3.103,9.412,71.326,47.987,73.846,Normal,9/19/25 19:21,25.904,81.42,Asia/Kolkata,0.0,Multi_Risk
220.731,0.486,0.659,2.765,0.092,3.181,7.059,2921.864,56.811,71.044,Rainy,9/7/25 12:52,24.233,78.737,Asia/Kolkata,0.0,Multi_Risk
45.333,0.408,0.548,2.237,0.071,7.019,9.817,1490.573,52.913,45.732,Hot,9/11/25 8:45,24.997,83.594,Asia/Kolkata,0.0,Brake_Risk
143.0,0.5,0.49,0.98,0.1,5.1,5.73,508.08,109.31,25.0,Rainy,9/7/25 12:09,26.7606,83.3732,Asia/Kolkata,0.0,Tire_Risk
27.0,0.53,0.25,2.33,0.27,4.05,7.53,2532.78,20.17,57.0,Rainy,9/23/25 18:31,26.7606,83.3732,Asia/Kolkata,0.0,Tire_Risk
48.841,0.496,0.468,1.411,0.019,4.105,11.053,1065.499,14.904,42.873,Hot,9/11/25 17:00,28.314,76.131,Asia/Kolkata,0.0,Good
105.0,0.48,0.35,0.4,0.1,4.36,8.89,631.46,46.58,75.0,Normal,9/26/25 8:32,26.7606,83.3732,Asia/Kolkata,0.0,Tire_Risk
254.0,0.38,0.42,1.88,0.07,3.31,8.13,1088.14,0.0,24.0,Normal,9/19/25 17:46,26.7606,83.3732,Asia/Kolkata,0.0,Good
52.0,0.57,0.3,2.05,0.12,4.43,9.86,2335.56,40.83,10.0,Normal,9/21/25 7:16,26.7606,83.3732,Asia/Kolkata,0.0,Tire_Risk
78.683,0.43,0.488,2.305,0.033,5.191,6.811,4311.706,73.856,40.486,Rainy,10/2/25 14:37,24.808,88.731,Asia/Kolkata,0.0,Brake_Risk
273.759,0.454,0.337,0.343,0.092,5.344,7.916,46.902,254.425,60.29,Normal,9/26/25 12:18,26.014,83.752,Asia/Kolkata,0.0,Multi_Risk
253.057,0.475,0.331,0.304,0.083,5.583,8.671,45.753,244.019,60.233,Normal,9/26/25 12:18,29.078,86.541,Asia/Kolkata,0.0,Multi_Risk
226.0,0.57,0.41,1.18,0.08,4.44,7.66,121.22,0.0,49.0,Normal,9/24/25 15:47,26.7606,83.3732,Asia/Kolkata,0.0,Good
226.78,0.497,0.309,2.242,0.1,3.129,8.488,65.634,53.864,67.976,Normal,9/19/25 19:21,27.864,88.05,Asia/Kolkata,0.0,Multi_Risk
204.545,0.282,0.435,1.063,0.114,5.568,5.651,2098.474,51.267,79.918,Rainy,9/20/25 20:46,25.71,88.058,Asia/Kolkata,0.0,Multi_Risk
266.0,0.31,0.35,1.64,0.05,3.98,10.51,37.54,16.61,45.0,Normal,9/28/25 9:39,26.7606,83.3732,Asia/Kolkata,0.0,Good
242.504,0.246,0.398,3.243,0.041,6.538,6.938,1450.285,61.555,50.988,Normal,9/21/25 8:04,26.487,88.336,Asia/Kolkata,0.0,Brake_Risk
235.0,0.27,0.37,3.49,0.04,6.12,6.52,1588.22,60.13,56.0,Normal,9/21/25 8:04,26.7606,83.3732,Asia/Kolkata,0.0,Brake_Risk
9.0,0.44,0.38,1.27,0.06,4.02,8.73,1637.0,41.23,0.0,Normal,9/28/25 11:13,26.7606,83.3732,Asia/Kolkata,1.0,Good
215.332,0.439,0.385,1.32,0.055,6.253,9.88,1472.923,53.328,48.065,Normal,9/21/25 6:08,29.121,90.284,Asia/Kolkata,0.0,Brake_Risk
253.819,0.283,0.348,3.295,0.04,6.33,6.095,1525.003,65.264,57.625,Normal,9/21/25 8:04,25.793,79.656,Asia/Kolkata,0.0,Brake_Risk
68.709,0.437,0.52,2.649,0.033,4.812,8.03,4817.946,70.036,39.339,Rainy,10/2/25 14:37,25.997,80.868,Asia/Kolkata,0.0,Brake_Risk
256.83,0.457,0.349,0.309,0.095,5.467,8.884,42.965,241.772,63.826,Normal,9/26/25 12:18,25.659,78.646,Asia/Kolkata,0.0,Multi_Risk
77.068,0.443,0.534,2.488,0.029,5.065,8.148,4431.973,64.754,41.773,Rainy,10/2/25 14:37,24.118,90.293,Asia/Kolkata,0.0,Brake_Risk
208.0,0.29,0.32,3.11,0.11,3.41,7.94,1040.84,27.04,20.0,Rainy,9/16/25 16:15,26.7606,83.3732,Asia/Kolkata,0.0,Tire_Risk
218.142,0.668,0.122,1.019,0.109,3.638,8.951,2605.728,56.187,83.553,Rainy,9/25/25 8:20,26.636,78.456,Asia/Kolkata,1.006,Multi_Risk
47.221,0.374,0.589,2.086,0.065,6.133,9.327,1450.409,54.79,40.114,Hot,9/11/25 8:45,25.222,89.957,Asia/Kolkata,0.0,Brake_Risk
120.512,0.372,0.603,1.235,0.11,5.607,8.076,2340.468,0.0,38.379,Normal,9/24/25 17:27,26.88,88.268,Asia/Kolkata,0.0,Tire_Risk
253.823,0.272,0.376,3.675,0.044,6.723,6.923,1735.281,63.927,53.71,Normal,9/21/25 8:04,26.867,89.452,Asia/Kolkata,0.0,Brake_Risk
137.14,0.431,0.287,1.461,0.09,5.301,10.395,1111.693,54.135,54.004,Rainy,10/1/25 6:32,25.535,79.288,Asia/Kolkata,1.088,Multi_Risk
202.926,0.16,0.203,-0.427,0.053,4.6,9.958,2259.795,63.782,47.22,Normal,9/28/25 15:32,29.243,87.971,Asia/Kolkata,0.95,Brake_Risk
230.0,0.26,0.58,1.71,0.08,4.29,6.91,449.82,38.08,33.0,Normal,9/24/25 10:01,26.7606,83.3732,Asia/Kolkata,0.0,Good
131.0,0.43,0.47,1.7,0.08,4.31,7.12,1633.17,31.19,41.0,Normal,9/30/25 6:38,26.7606,83.3732,Asia/Kolkata,0.0,Good
15.0,0.49,0.34,2.11,0.1,7.34,10.04,953.02,1.25,51.0,Normal,9/21/25 20:27,26.7606,83.3732,Asia/Kolkata,0.0,Tire_Risk
162.0,0.53,0.4,1.82,0.09,4.64,8.95,842.15,16.82,45.0,Normal,9/26/25 6:46,26.7606,83.3732,Asia/Kolkata,0.0,Tire_Risk
297.339,0.495,0.434,2.151,0.049,4.871,11.786,1040.635,48.092,44.548,Normal,9/19/25 11:16,25.426,84.175,Asia/Kolkata,0.931,Brake_Risk
148.0,0.44,0.71,3.03,0.09,4.77,6.06,2847.43,55.49,28.0,Rainy,10/1/25 19:18,26.7606,83.3732,Asia/Kolkata,0.0,Tire_Risk
199.0,0.38,0.25,2.38,0.13,4.57,9.07,86.2,5.68,33.0,Normal,9/21/25 11:03,26.7606,83.3732,Asia/Kolkata,0.0,Tire_Risk
243.639,0.536,0.363,0.311,0.091,5.64,7.553,49.5,254.311,61.133,Normal,9/26/25 12:18,26.301,88.048,Asia/Kolkata,0.0,Multi_Risk
189.0,0.5,0.42,1.5,0.03,5.75,11.04,1687.58,22.63,70.0,Hot,9/5/25 18:34,26.7606,83.3732,Asia/Kolkata,0.0,Good
47.0,0.41,0.54,2.16,0.07,6.74,10.19,1565.34,53.65,43.0,Hot,9/11/25 8:45,26.7606,83.3732,Asia/Kolkata,0.0,Brake_Risk
264.0,0.35,0.35,1.81,0.13,4.47,11.08,3219.66,95.33,20.0,Normal,9/28/25 18:10,26.7606,83.3732,Asia/Kolkata,1.0,Tire_Risk
92.355,0.412,0.308,2.087,0.158,3.865,7.371,9675.591,0.0,75.299,Normal,9/19/25 17:25,26.732,79.269,Asia/Kolkata,0.0,Tire_Risk
183.0,0.38,0.42,1.4,0.1,4.24,9.19,1161.06,43.21,16.0,Normal,9/21/25 18:15,26.7606,83.3732,Asia/Kolkata,0.0,Tire_Risk
37.0,0.13,0.27,2.03,0.02,3.35,7.63,989.39,16.75,66.0,Normal,9/24/25 10:50,26.7606,83.3732,Asia/Kolkata,0.0,Good
285.048,0.441,0.402,2.193,0.053,5.026,11.401,1068.767,54.708,47.22,Normal,9/19/25 11:16,28.69,84.029,Asia/Kolkata,1.047,Brake_Risk
269.0,0.35,0.38,2.89,0.04,4.56,8.04,1748.4,0.0,29.0,Normal,9/26/25 19:15,26.7606,83.3732,Asia/Kolkata,0.0,Good
292.0,0.59,0.5,2.72,0.07,5.1,6.99,600.99,0.0,53.0,Normal,9/28/25 13:18,26.7606,83.3732,Asia/Kolkata,0.0,Good
142.0,0.44,0.35,1.67,0.09,4.32,5.74,1397.85,6.07,0.0,Rainy,9/7/25 9:42,26.7606,83.3732,Asia/Kolkata,1.0,Tire_Risk
55.044,0.315,0.404,3.008,0.093,4.712,6.2,2120.304,58.595,50.761,Normal,9/30/25 13:51,27.937,84.78,Asia/Kolkata,1.031,Multi_Risk
48.55,0.374,0.55,2.259,0.067,7.045,11.169,1588.754,53.829,43.918,Hot,9/11/25 8:45,27.108,88.338,Asia/Kolkata,0.0,Brake_Risk
260.0,0.37,0.39,0.87,0.03,4.98,7.47,2046.48,8.45,28.0,Normal,9/21/25 20:10,26.7606,83.3732,Asia/Kolkata,0.0,Good
80.808,0.45,0.501,2.656,0.032,4.923,7.755,4378.983,68.55,44.377,Rainy,10/2/25 14:37,27.781,84.268,Asia/Kolkata,0.0,Brake_Risk
121.73,0.481,0.316,0.55,0.069,4.722,11.376,1679.726,40.438,54.836,Normal,9/28/25 6:26,26.814,81.484,Asia/Kolkata,0.0,Good
137.447,0.314,0.316,2.025,0.111,4.776,10.091,609.952,17.099,42.408,Normal,9/22/25 16:42,27.195,89.952,Asia/Kolkata,0.0,Tire_Risk
290.0,0.46,0.31,1.39,0.09,5.28,7.0,1967.73,37.34,25.0,Normal,9/26/25 20:50,26.7606,83.3732,Asia/Kolkata,0.0,Tire_Risk
81.012,0.412,0.514,2.487,0.033,5.006,8.07,5033.186,64.959,39.277,Rainy,10/2/25 14:37,29.293,75.29,Asia/Kolkata,0.0,Brake_Risk
113.0,0.41,0.33,1.96,0.19,5.33,6.27,399.71,28.15,20.0,Normal,9/22/25 12:16,26.7606,83.3732,Asia/Kolkata,0.0,Tire_Risk
121.534,0.417,0.292,1.448,0.092,5.343,11.923,1239.109,61.667,61.534,Rainy,10/1/25 6:32,26.074,81.866,Asia/Kolkata,0.987,Multi_Risk
279.032,0.468,0.305,0.324,0.09,5.004,7.714,41.265,237.245,59.913,Normal,9/26/25 12:18,27.528,75.919,Asia/Kolkata,0.0,Multi_Risk
116.536,0.373,0.262,1.257,0.132,6.131,7.848,747.696,57.676,42.844,Hot,9/5/25 12:03,28.927,82.876,Asia/Kolkata,0.0,Multi_Risk
209.249,0.156,0.205,-0.389,0.046,4.444,8.842,2590.593,73.859,49.348,Normal,9/28/25 15:32,27.36,77.922,Asia/Kolkata,1.041,Brake_Risk
257.956,0.494,0.387,2.046,0.053,4.425,11.005,964.742,54.798,45.016,Normal,9/19/25 11:16,29.21,81.198,Asia/Kolkata,0.98,Brake_Risk
73.288,0.454,0.567,2.754,0.03,4.248,8.116,4933.519,67.161,42.322,Rainy,10/2/25 14:37,24.101,78.398,Asia/Kolkata,0.0,Brake_Risk
127.794,0.581,0.373,3.329,0.041,5.456,8.23,508.885,35.076,56.726,Rainy,9/25/25 12:29,25.168,81.638,Asia/Kolkata,0.0,Good
74.238,0.243,0.364,2.396,0.083,25.222,10.646,2426.912,31.829,14.322,Normal,9/24/25 18:50,25.679,87.132,Asia/Kolkata,0.951,Multi_Risk
43.597,0.447,0.507,2.346,0.069,7.39,10.944,1441.221,52.421,46.128,Hot,9/11/25 8:45,27.089,83.151,Asia/Kolkata,0.0,Brake_Risk
64.272,0.415,0.206,1.062,0.033,4.982,7.933,416.908,31.141,35.901,Normal,9/26/25 20:17,26.549,86.121,Asia/Kolkata,0.0,Good
32.0,0.24,0.3,1.0,-0.03,3.47,11.05,1234.39,18.79,0.0,Normal,9/21/25 14:17,26.7606,83.3732,Asia/Kolkata,1.0,Good
214.139,0.162,0.224,-0.39,0.05,4.254,10.131,2299.798,75.658,45.92,Normal,9/28/25 15:32,25.859,79.295,Asia/Kolkata,1.019,Brake_Risk
202.159,0.464,0.593,2.898,0.106,3.456,7.594,2796.129,67.876,72.209,Rainy,9/7/25 12:52,25.249,83.498,Asia/Kolkata,0.0,Multi_Risk
83.0,0.32,0.33,2.04,0.09,4.2,8.85,38.55,13.99,52.0,Normal,9/21/25 12:16,26.7606,83.3732,Asia/Kolkata,0.0,Tire_Risk
132.219,0.287,0.533,3.208,0.079,5.028,7.271,1887.716,20.982,22.338,Normal,9/30/25 16:19,25.565,79.99,Asia/Kolkata,0.0,Good
62.999,0.625,0.457,5.269,0.147,4.227,7.265,3788.622,54.62,48.433,Rainy,10/2/25 7:15,28.991,90.967,Asia/Kolkata,0.0,Multi_Risk
97.007,0.402,0.257,2.094,0.09,4.362,9.775,2867.617,39.392,24.886,Hot,9/11/25 20:01,26.18,80.504,Asia/Kolkata,0.0,Tire_Risk
220.665,0.488,0.308,2.287,0.12,3.393,10.027,63.558,56.896,79.413,Normal,9/19/25 19:21,25.463,84.941,Asia/Kolkata,0.0,Multi_Risk
219.224,0.447,0.419,1.305,0.057,6.376,11.021,1354.976,63.831,48.848,Normal,9/21/25 6:08,24.556,78.409,Asia/Kolkata,0.0,Brake_Risk
279.0,0.42,0.35,1.22,0.07,4.53,7.9,2963.67,22.36,34.0,Normal,9/24/25 6:11,26.7606,83.3732,Asia/Kolkata,0.0,Good
279.558,0.502,0.333,0.325,0.091,5.1,7.717,49.392,210.844,59.236,Normal,9/26/25 12:18,29.383,87.317,Asia/Kolkata,0.0,Multi_Risk
53.0,0.49,0.26,1.11,0.09,6.91,10.86,1456.33,188.22,35.0,Hot,9/13/25 9:09,26.7606,83.3732,Asia/Kolkata,0.0,Tire_Risk
11.0,0.47,0.27,0.21,0.13,4.87,9.02,1078.63,15.32,59.0,Normal,9/28/25 10:37,26.7606,83.3732,Asia/Kolkata,0.0,Tire_Risk
73.0,0.24,0.39,2.29,0.09,24.51,10.43,2244.62,33.35,15.0,Normal,9/24/25 18:50,26.7606,83.3732,Asia/Kolkata,1.0,Multi_Risk
106.0,0.35,0.31,1.72,0.16,6.41,9.23,772.88,52.63,33.0,Hot,9/5/25 19:02,26.7606,83.3732,Asia/Kolkata,0.0,Tire_Risk
252.0,0.49,0.36,0.93,0.07,5.6,7.94,1070.5,18.17,41.0,Normal,9/26/25 16:22,26.7606,83.3732,Asia/Kolkata,0.0,Good
297.0,0.26,0.53,1.01,0.01,5.57,10.57,2948.85,26.94,17.0,Normal,9/24/25 15:57,26.7606,83.3732,Asia/Kolkata,0.0,Good
19.617,0.581,0.46,0.876,0.094,3.29,7.207,2506.593,30.766,54.656,Normal,9/21/25 8:55,24.503,78.041,Asia/Kolkata,0.0,Tire_Risk
217.0,0.58,0.38,0.72,0.02,4.06,9.24,965.06,20.24,57.0,Normal,9/19/25 10:43,26.7606,83.3732,Asia/Kolkata,0.0,Good
57.0,0.44,0.39,0.1,0.06,5.67,10.6,713.94,2.08,12.0,Normal,9/19/25 11:25,26.7606,83.3732,Asia/Kolkata,0.0,Good
125.0,-0.06,0.15,1.45,0.18,4.27,9.82,1544.42,23.03,29.0,Normal,9/19/25 11:25,26.7606,83.3732,Asia/Kolkata,1.0,Tire_Risk
19.0,0.53,0.44,0.97,0.09,3.34,7.1,2290.66,33.95,56.0,Normal,9/21/25 8:55,26.7606,83.3732,Asia/Kolkata,0.0,Tire_Risk
289.0,0.47,0.25,1.17,0.07,5.44,8.71,4079.38,7.99,20.0,Normal,9/22/25 18:58,26.7606,83.3732,Asia/Kolkata,0.0,Good
198.033,0.268,0.481,1.068,0.111,4.85,5.436,1862.737,54.055,79.566,Rainy,9/20/25 20:46,28.781,75.584,Asia/Kolkata,0.0,Multi_Risk
193.679,0.351,0.504,1.518,0.067,5.482,7.306,85.524,10.84,46.113,Rainy,10/2/25 20:03,26.503,84.085,Asia/Kolkata,0.0,Good
48.356,0.386,0.542,2.21,0.073,6.392,10.863,1520.182,50.508,38.747,Hot,9/11/25 8:45,29.084,86.895,Asia/Kolkata,0.0,Brake_Risk
71.778,0.411,0.544,2.755,0.032,4.487,7.002,4284.3,68.147,41.172,Rainy,10/2/25 14:37,24.273,83.044,Asia/Kolkata,0.0,Brake_Risk
119.0,0.43,0.23,0.04,0.08,4.66,4.65,2810.78,12.2,37.0,Rainy,9/15/25 18:36,26.7606,83.3732,Asia/Kolkata,1.0,Good
1.0,0.42,0.31,1.03,0.05,5.15,9.16,4416.97,73.92,6.0,Rainy,9/20/25 15:21,26.7606,83.3732,Asia/Kolkata,0.0,Good
215.834,0.432,0.349,1.538,0.121,4.353,7.678,2141.684,54.494,39.174,Normal,9/19/25 17:36,28.97,83.276,Asia/Kolkata,1.068,Multi_Risk
139.216,0.387,0.253,1.293,0.095,5.134,10.671,1325.202,54.508,63.148,Rainy,10/1/25 6:32,29.107,87.459,Asia/Kolkata,1.086,Multi_Risk
285.701,0.496,0.361,2.114,0.05,4.515,12.165,1071.039,47.538,52.265,Normal,9/19/25 11:16,28.276,77.436,Asia/Kolkata,0.982,Brake_Risk
252.746,0.257,0.363,3.279,0.039,5.74,6.922,1719.37,55.714,56.768,Normal,9/21/25 8:04,27.617,75.376,Asia/Kolkata,0.0,Brake_Risk
65.912,0.594,0.49,5.467,0.145,4.585,7.807,4190.939,57.53,44.926,Rainy,10/2/25 7:15,24.345,75.698,Asia/Kolkata,0.0,Multi_Risk
231.0,0.59,0.45,1.37,0.09,4.26,9.44,2625.55,40.72,0.0,Normal,9/21/25 8:24,26.7606,83.3732,Asia/Kolkata,1.0,Tire_Risk
84.0,0.42,0.36,1.09,0.05,8.48,12.31,642.14,0.0,29.0,Hot,9/8/25 13:00,26.7606,83.3732,Asia/Kolkata,0.0,Good
76.698,0.445,0.573,2.523,0.028,4.774,7.611,4776.258,78.971,41.992,Rainy,10/2/25 14:37,25.393,90.062,Asia/Kolkata,0.0,Brake_Risk
108.286,0.567,0.379,1.018,0.05,6.346,11.049,1592.519,40.002,24.445,Normal,9/26/25 6:19,25.268,75.112,Asia/Kolkata,0.0,Good
291.0,0.53,0.68,0.98,0.07,4.67,11.96,2303.59,0.0,44.0,Normal,9/26/25 12:44,26.7606,83.3732,Asia/Kolkata,0.0,Good
244.558,0.262,0.397,3.375,0.038,5.713,6.02,1522.206,63.572,51.14,Normal,9/21/25 8:04,28.746,77.293,Asia/Kolkata,0.0,Brake_Risk
149.0,0.56,1.82,2.42,0.11,4.91,5.07,1702.06,0.0,49.0,Rainy,9/18/25 7:10,26.7606,83.3732,Asia/Kolkata,0.0,Tire_Risk
70.0,0.37,0.34,1.42,0.07,2.78,1.93,1745.99,11.31,20.0,Normal,9/26/25 18:57,26.7606,83.3732,Asia/Kolkata,1.0,Good
71.549,0.419,0.5,2.651,0.029,4.514,7.548,4926.755,66.706,44.877,Rainy,10/2/25 14:37,27.463,87.384,Asia/Kolkata,0.0,Brake_Risk
213.395,0.28,0.385,3.17,0.04,6.619,7.119,1463.938,60.864,59.628,Normal,9/21/25 8:04,24.687,89.637,Asia/Kolkata,0.0,Brake_Risk
5.197,0.466,0.355,2.205,0.067,4.294,10.75,853.264,15.966,35.54,Normal,9/30/25 6:00,27.207,87.263,Asia/Kolkata,0.0,Good
210.275,0.294,0.331,2.812,0.112,3.554,8.045,999.426,26.425,19.825,Rainy,9/16/25 16:15,26.618,82.153,Asia/Kolkata,0.0,Tire_Risk
263.588,0.334,0.476,1.936,0.134,4.356,6.607,52.997,31.384,14.424,Rainy,9/12/25 12:21,24.74,89.239,Asia/Kolkata,0.0,Tire_Risk
128.341,0.362,0.247,1.226,0.111,5.666,9.193,832.618,56.832,46.898,Hot,9/5/25 12:03,28.34,85.799,Asia/Kolkata,0.0,Multi_Risk
81.292,0.414,0.533,2.588,0.032,4.466,7.508,4878.164,69.6,46.061,Rainy,10/2/25 14:37,29.416,88.673,Asia/Kolkata,0.0,Brake_Risk
241.0,0.5,0.38,2.06,0.09,3.74,5.66,3257.13,43.37,66.0,Rainy,9/15/25 11:30,26.7606,83.3732,Asia/Kolkata,0.0,Tire_Risk
53.67,0.37,0.193,2.489,0.081,4.583,8.235,2660.002,14.272,40.611,Normal,9/28/25 16:32,28.399,84.154,Asia/Kolkata,0.0,Tire_Risk
110.42,0.364,0.248,1.453,0.116,6.121,8.053,877.624,53.397,44.727,Hot,9/5/25 12:03,24.614,83.999,Asia/Kolkata,0.0,Multi_Risk
67.695,0.4,0.508,2.498,0.029,5.127,8.139,4746.798,70.746,40.866,Rainy,10/2/25 14:37,25.229,85.085,Asia/Kolkata,0.0,Brake_Risk
31.0,0.56,0.28,1.42,0.16,4.57,10.63,3209.32,31.44,39.0,Normal,9/19/25 17:27,26.7606,83.3732,Asia/Kolkata,0.0,Tire_Risk
168.0,0.46,0.33,2.16,0.07,3.18,9.44,2299.05,14.53,29.0,Rainy,9/15/25 16:14,26.7606,83.3732,Asia/Kolkata,0.0,Good
68.271,0.227,0.378,2.106,0.082,24.133,10.975,2192.691,31.063,15.569,Normal,9/24/25 18:50,27.707,85.879,Asia/Kolkata,1.01,Multi_Risk
154.0,0.29,0.42,1.08,0.02,5.99,11.29,2665.26,0.0,39.0,Normal,9/21/25 19:25,26.7606,83.3732,Asia/Kolkata,0.0,Good
299.0,0.49,0.21,1.86,0.0,5.31,10.07,706.6,56.19,20.0,Normal,9/26/25 6:28,26.7606,83.3732,Asia/Kolkata,1.0,Good
277.0,0.52,0.35,1.48,0.17,5.14,12.69,2491.88,34.17,22.0,Hot,9/11/25 8:38,26.7606,83.3732,Asia/Kolkata,0.0,Tire_Risk
99.913,0.495,0.441,1.645,0.066,5.051,10.061,321.238,54.608,25.514,Hot,9/11/25 11:28,25.982,84.745,Asia/Kolkata,0.986,Good
306.0,0.54,0.19,2.82,0.09,5.16,10.83,904.2,33.25,63.0,Hot,9/5/25 20:45,26.7606,83.3732,Asia/Kolkata,0.0,Tire_Risk
110.761,0.388,0.258,1.259,0.115,6.121,8.109,849.941,54.254,41.469,Hot,9/5/25 12:03,26.183,78.031,Asia/Kolkata,0.0,Multi_Risk
234.8,0.643,0.137,0.928,0.106,3.513,9.276,2466.665,67.127,77.468,Rainy,9/25/25 8:20,29.412,89.056,Asia/Kolkata,0.969,Multi_Risk
277.556,0.525,0.393,1.984,0.053,4.744,12.079,938.674,47.135,48.661,Normal,9/19/25 11:16,24.754,76.353,Asia/Kolkata,1.025,Brake_Risk
73.937,0.457,0.547,2.733,0.03,4.805,7.398,5042.784,75.885,44.565,Rainy,10/2/25 14:37,26.214,90.676,Asia/Kolkata,0.0,Brake_Risk
265.904,0.465,0.384,2.006,0.051,5.119,10.277,952.906,53.768,46.371,Normal,9/19/25 11:16,26.945,75.954,Asia/Kolkata,1.019,Brake_Risk
227.825,0.386,0.365,1.392,0.14,4.85,8.398,2330.557,51.048,44.363,Normal,9/19/25 17:36,28.817,81.984,Asia/Kolkata,0.994,Multi_Risk
47.392,0.44,0.56,2.343,0.065,7.002,9.621,1439.746,53.791,44.352,Hot,9/11/25 8:45,26.608,90.838,Asia/Kolkata,0.0,Brake_Risk
278.0,0.25,0.43,0.91,0.09,5.0,11.45,839.53,46.04,54.0,Hot,9/11/25 16:30,26.7606,83.3732,Asia/Kolkata,0.0,Tire_Risk
213.731,0.788,0.351,2.448,0.098,2.45,9.872,2088.39,56.495,42.205,Normal,9/19/25 10:04,29.156,83.256,Asia/Kolkata,0.948,Multi_Risk
61.805,0.561,0.506,5.309,0.135,4.57,7.704,4427.891,49.062,50.598,Rainy,10/2/25 7:15,25.733,83.519,Asia/Kolkata,0.0,Multi_Risk
221.0,0.65,0.22,1.5,0.07,3.43,7.33,1593.8,0.0,35.0,Rainy,9/10/25 9:21,26.7606,83.3732,Asia/Kolkata,0.0,Good
188.0,0.55,0.28,2.31,0.1,3.82,8.01,1926.49,56.05,30.0,Rainy,9/20/25 14:02,26.7606,83.3732,Asia/Kolkata,1.0,Tire_Risk
79.422,0.402,0.503,2.602,0.031,4.762,8.016,4946.169,73.264,40.123,Rainy,10/2/25 14:37,25.279,90.302,Asia/Kolkata,0.0,Brake_Risk
129.511,0.492,0.501,0.911,0.109,5.498,5.943,531.197,114.144,26.59,Rainy,9/7/25 12:09,28.49,76.306,Asia/Kolkata,0.0,Tire_Risk
226.94,0.444,0.344,1.31,0.14,5.119,7.604,2183.174,56.021,39.52,Normal,9/19/25 17:36,27.902,83.777,Asia/Kolkata,1.09,Multi_Risk
49.868,0.425,0.532,2.277,0.064,7.006,9.328,1518.639,57.533,43.459,Hot,9/11/25 8:45,27.289,76.343,Asia/Kolkata,0.0,Brake_Risk
135.822,0.391,0.263,1.516,0.086,5.583,12.083,1322.807,57.157,57.188,Rainy,10/1/25 6:32,28.505,85.74,Asia/Kolkata,0.946,Multi_Risk
93.047,0.233,0.381,0.794,0.009,3.384,2.428,1335.919,73.037,31.849,Normal,9/26/25 7:35,28.929,84.431,Asia/Kolkata,1.01,Good
134.237,0.316,0.384,1.709,0.071,4.547,8.977,4127.253,0.0,30.944,Rainy,9/25/25 10:38,26.503,78.777,Asia/Kolkata,0.0,Good
217.608,0.158,0.237,-0.405,0.049,4.817,10.056,2714.28,63.804,47.135,Normal,9/28/25 15:32,24.444,90.051,Asia/Kolkata,0.905,Brake_Risk
216.094,0.803,0.348,2.471,0.092,2.524,11.698,2036.169,49.451,46.255,Normal,9/19/25 10:04,28.019,89.711,Asia/Kolkata,1.067,Multi_Risk
69.0,0.47,0.4,2.07,0.12,5.55,8.36,2357.55,3.61,123.6124495,Normal,9/30/25 12:48,26.7606,83.3732,Asia/Kolkata,0.0,Tire_Risk
180.0,0.41,0.41,1.13,0.12,5.17,9.45,3084.17,42.28,22.0,Normal,9/19/25 19:03,26.7606,83.3732,Asia/Kolkata,0.0,Tire_Risk
253.695,0.583,0.454,1.277,0.084,3.935,10.062,2735.876,42.075,0.0,Normal,9/21/25 8:24,29.03,75.601,Asia/Kolkata,0.901,Tire_Risk
238.0,0.57,0.23,0.52,0.09,4.33,8.39,1283.72,32.93,12.0,Normal,9/24/25 6:40,26.7606,83.3732,Asia/Kolkata,0.0,Tire_Risk
300.066,0.57,0.171,2.866,0.086,5.482,11.132,937.123,30.476,66.205,Hot,9/5/25 20:45,26.254,89.235,Asia/Kolkata,0.0,Tire_Risk
240.0,0.31,0.52,1.79,0.14,4.48,7.18,50.03,34.66,14.0,Rainy,9/12/25 12:21,26.7606,83.3732,Asia/Kolkata,0.0,Tire_Risk
77.261,0.427,0.581,2.657,0.031,5.003,7.001,5081.068,77.026,40.561,Rainy,10/2/25 14:37,24.391,87.405,Asia/Kolkata,0.0,Brake_Risk
223.913,0.471,0.587,3.17,0.108,3.192,7.932,2672.514,60.475,69.454,Rainy,9/7/25 12:52,25.018,86.117,Asia/Kolkata,0.0,Multi_Risk
198.471,0.746,0.354,2.361,0.097,2.517,11.295,2286.51,51.228,46.285,Normal,9/19/25 10:04,25.897,77.927,Asia/Kolkata,0.918,Multi_Risk
70.244,0.247,0.377,2.35,0.098,24.217,10.659,2379.867,30.732,15.71,Normal,9/24/25 18:50,27.205,87.52,Asia/Kolkata,1.093,Multi_Risk
0.964,0.399,0.289,0.947,0.049,4.931,9.75,4312.723,74.543,6.484,Rainy,9/20/25 15:21,24.283,81.784,Asia/Kolkata,0.0,Good
123.0,0.34,0.64,1.27,0.12,5.4,8.65,2320.87,0.0,40.0,Normal,9/24/25 17:27,26.7606,83.3732,Asia/Kolkata,0.0,Tire_Risk
308.184,0.252,0.583,0.997,0.074,4.706,10.363,1832.566,4.372,56.892,Normal,9/28/25 9:23,27.677,76.612,Asia/Kolkata,0.0,Good
242.657,0.272,0.402,3.609,0.043,6.207,7.145,1472.227,63.947,57.552,Normal,9/21/25 8:04,28.449,83.358,Asia/Kolkata,0.0,Brake_Risk
25.0,0.29,0.47,-0.84,0.06,5.36,8.11,3084.49,33.15,51.0,Normal,9/24/25 14:30,26.7606,83.3732,Asia/Kolkata,0.0,Good
241.498,0.67,0.14,0.91,0.109,3.62,9.466,2704.946,59.642,82.536,Rainy,9/25/25 8:20,26.323,78.298,Asia/Kolkata,1.093,Multi_Risk
71.0,0.22,0.58,3.14,0.02,3.1,10.1,2593.03,19.92,58.0,Rainy,9/27/25 16:04,26.7606,83.3732,Asia/Kolkata,0.0,Good
44.0,0.47,0.63,4.66,0.14,4.24,8.13,2356.11,2.3,23.0,Rainy,9/7/25 13:17,26.7606,83.3732,Asia/Kolkata,0.0,Tire_Risk
61.0,0.57,0.48,5.06,0.14,4.19,7.64,4200.04,53.24,46.0,Rainy,10/2/25 7:15,26.7606,83.3732,Asia/Kolkata,0.0,Multi_Risk
179.0,0.47,0.37,1.35,0.01,6.32,11.42,1294.09,0.0,20.0,Hot,9/9/25 7:29,26.7606,83.3732,Asia/Kolkata,0.0,Good
74.0,0.42,0.53,2.52,0.03,4.72,7.45,4669.97,71.82,42.0,Rainy,10/2/25 14:37,26.7606,83.3732,Asia/Kolkata,0.0,Brake_Risk
67.287,0.457,0.578,2.384,0.031,4.516,8.006,4467.094,78.961,44.378,Rainy,10/2/25 14:37,25.129,81.211,Asia/Kolkata,0.0,Brake_Risk
59.0,0.34,0.38,3.28,0.09,4.45,6.05,2097.86,56.93,53.0,Normal,9/30/25 13:51,26.7606,83.3732,Asia/Kolkata,1.0,Multi_Risk
201.005,0.153,0.223,-0.388,0.051,5.019,9.738,2511.582,66.477,45.668,Normal,9/28/25 15:32,29.066,82.638,Asia/Kolkata,1.05,Brake_Risk
212.91,0.438,0.381,1.27,0.058,5.82,10.151,1549.717,53.995,45.13,Normal,9/21/25 6:08,25.479,84.974,Asia/Kolkata,0.0,Brake_Risk
158.0,0.31,0.37,1.89,0.02,4.82,10.16,1805.31,5.47,26.0,Hot,9/8/25 16:37,26.7606,83.3732,Asia/Kolkata,0.0,Good
231.849,0.502,0.398,1.397,0.064,5.329,10.078,1295.217,57.951,43.789,Normal,9/21/25 6:08,29.42,82.397,Asia/Kolkata,0.0,Brake_Risk
90.0,0.52,0.36,1.45,0.04,4.24,11.54,2710.33,63.89,35.0,Normal,9/24/25 19:06,26.7606,83.3732,Asia/Kolkata,0.0,Good
306.78,0.435,0.408,1.851,0.053,5.052,12.542,1078.498,49.747,51.568,Normal,9/19/25 11:16,28.52,87.934,Asia/Kolkata,0.934,Brake_Risk
167.0,1.39,0.5,1.5,0.1,5.06,9.73,2114.07,75.85,11.0,Normal,9/21/25 10:14,26.7606,83.3732,Asia/Kolkata,0.0,Tire_Risk
79.301,0.235,0.427,2.224,0.082,23.461,10.962,2320.804,30.098,15.946,Normal,9/24/25 18:50,25.639,91.533,Asia/Kolkata,1.093,Multi_Risk
194.053,0.418,0.331,1.424,0.134,4.422,8.041,2104.145,51.782,44.297,Normal,9/19/25 17:36,29.281,85.269,Asia/Kolkata,0.954,Multi_Risk
137.0,0.52,0.31,2.15,0.07,2.98,8.6,323.0,43.13,6.416649824,Normal,9/30/25 9:02,26.7606,83.3732,Asia/Kolkata,0.0,Good
202.035,0.139,0.221,-0.453,0.047,4.652,10.523,2246.282,73.293,45.999,Normal,9/28/25 15:32,26.5,75.191,Asia/Kolkata,1.097,Brake_Risk
273.0,0.27,0.41,2.5,0.1,5.16,8.93,171.51,40.9,13.0,Normal,9/28/25 13:33,26.7606,83.3732,Asia/Kolkata,0.0,Tire_Risk
214.109,0.293,0.353,3.619,0.038,6.644,6.579,1498.506,60.412,57.037,Normal,9/21/25 8:04,27.452,81.096,Asia/Kolkata,0.0,Brake_Risk
88.309,0.463,0.307,1.992,0.183,3.797,7.55,9744.704,0.0,83.331,Normal,9/19/25 17:25,25.583,75.563,Asia/Kolkata,0.0,Tire_Risk
216.523,0.477,0.568,3.161,0.098,3.615,8.254,2587.681,62.005,65.307,Rainy,9/7/25 12:52,26.671,89.252,Asia/Kolkata,0.0,Multi_Risk
245.542,0.25,0.387,3.279,0.039,6.302,5.911,1581.265,60.356,52.831,Normal,9/21/25 8:04,28.286,91.394,Asia/Kolkata,0.0,Brake_Risk
301.69,0.466,0.371,2.152,0.048,4.597,11.314,994.406,55.973,50.11,Normal,9/19/25 11:16,26.335,85.852,Asia/Kolkata,1.086,Brake_Risk
14.0,0.63,0.38,0.15,0.09,3.47,8.0,1578.24,36.74,62.0,Rainy,9/16/25 18:01,26.7606,83.3732,Asia/Kolkata,0.0,Tire_Risk
105.05,0.546,0.485,1.261,0.065,3.839,5.731,2990.215,49.678,25.997,Rainy,9/7/25 16:29,29.018,87.454,Asia/Kolkata,0.0,Good
223.027,0.455,0.371,1.364,0.061,5.359,10.027,1424.702,57.669,43.586,Normal,9/21/25 6:08,25.68,86.586,Asia/Kolkata,0.0,Brake_Risk
244.965,0.609,0.126,1.045,0.104,3.652,8.225,2443.131,58.397,83.028,Rainy,9/25/25 8:20,24.47,89.112,Asia/Kolkata,0.959,Multi_Risk
193.777,0.144,0.203,-0.454,0.048,4.558,8.664,2314.078,62.96,52.405,Normal,9/28/25 15:32,24.393,75.944,Asia/Kolkata,1.024,Brake_Risk
48.0,0.74,0.32,1.33,0.1,4.23,34.88,215.65,0.0,48.0,Normal,9/30/25 19:13,26.7606,83.3732,Asia/Kolkata,0.0,Tire_Risk
107.0,0.13,0.45,2.48,0.03,4.81,7.92,1574.43,27.57,28.0,Normal,9/30/25 6:51,26.7606,83.3732,Asia/Kolkata,0.0,Good
3.935,0.37,0.346,1.802,0.076,4.909,8.066,830.482,20.501,27.063,Normal,9/22/25 16:09,25.622,83.772,Asia/Kolkata,0.0,Good
86.0,0.23,0.39,0.88,0.01,3.66,2.33,1240.1,68.15,32.0,Normal,9/26/25 7:35,26.7606,83.3732,Asia/Kolkata,1.0,Good
46.0,0.32,0.62,0.87,0.09,4.78,6.59,681.19,23.59,30.0,Normal,9/28/25 16:45,26.7606,83.3732,Asia/Kolkata,0.0,Tire_Risk
238.474,0.535,0.312,2.283,0.111,3.567,9.727,70.604,52.273,76.998,Normal,9/19/25 19:21,26.681,90.053,Asia/Kolkata,0.0,Multi_Risk
212.0,0.6,0.58,1.17,0.07,4.35,4.9,2309.7,106.19,25.0,Normal,9/30/25 11:35,26.7606,83.3732,Asia/Kolkata,0.0,Good
181.0,0.49,0.31,1.35,0.07,5.5,8.74,1080.17,38.02,25.0,Hot,9/13/25 16:58,26.7606,83.3732,Asia/Kolkata,0.0,Good
229.537,0.249,0.338,3.826,0.042,6.674,7.107,1430.539,57.505,57.897,Normal,9/21/25 8:04,29.073,76.248,Asia/Kolkata,0.0,Brake_Risk
170.0,0.53,0.36,1.03,0.14,4.17,8.52,1570.08,14.15,27.0,Rainy,9/10/25 20:52,26.7606,83.3732,Asia/Kolkata,0.0,Tire_Risk
67.0,0.38,0.2,1.02,0.03,4.82,8.71,450.95,30.07,33.0,Normal,9/26/25 20:17,26.7606,83.3732,Asia/Kolkata,0.0,Good
39.066,0.254,0.777,3.529,0.2,6.019,9.697,1489.326,68.421,15.334,Normal,9/21/25 8:58,25.102,81.798,Asia/Kolkata,0.0,Tire_Risk
249.0,0.46,0.55,1.98,0.09,4.77,6.49,887.6,20.43,22.0,Normal,9/30/25 7:52,26.7606,83.3732,Asia/Kolkata,0.0,Tire_Risk
284.0,0.48,0.4,2.02,0.05,4.67,11.41,988.0,51.34,48.0,Normal,9/19/25 11:16,26.7606,83.3732,Asia/Kolkata,1.0,Brake_Risk
138.377,0.411,0.273,1.306,0.091,5.262,11.967,1154.076,54.983,62.776,Rainy,10/1/25 6:32,26.499,88.373,Asia/Kolkata,0.915,Multi_Risk
89.0,0.43,0.42,1.34,0.49,4.42,8.88,2100.8,38.56,42.0,Normal,9/19/25 20:23,26.7606,83.3732,Asia/Kolkata,0.0,Tire_Risk
290.242,0.481,0.437,1.979,0.049,4.234,12.262,927.355,47.571,43.54,Normal,9/19/25 11:16,28.22,91.048,Asia/Kolkata,0.992,Brake_Risk
124.88,0.375,0.245,1.224,0.128,5.513,9.424,806.333,53.432,39.695,Hot,9/5/25 12:03,27.014,89.758,Asia/Kolkata,0.0,Multi_Risk
300.0,0.6,0.68,0.73,0.09,3.79,10.91,665.57,15.66,35.0,Normal,9/19/25 17:30,26.7606,83.3732,Asia/Kolkata,0.0,Tire_Risk
303.0,0.41,0.5,0.34,0.07,4.9,8.52,4238.65,39.37,43.0,Rainy,9/29/25 20:42,26.7606,83.3732,Asia/Kolkata,0.0,Good
62.0,0.38,0.27,1.7,0.12,5.34,9.41,602.95,18.56,71.0,Hot,9/13/25 12:16,26.7606,83.3732,Asia/Kolkata,0.0,Tire_Risk
268.676,0.475,0.41,2.128,0.046,4.504,11.642,1002.86,53.56,48.239,Normal,9/19/25 11:16,28.434,82.992,Asia/Kolkata,0.951,Brake_Risk
205.271,0.467,0.384,1.283,0.057,5.405,9.982,1351.98,58.064,44.26,Normal,9/21/25 6:08,25.695,84.726,Asia/Kolkata,0.0,Brake_Risk
207.675,0.453,0.38,1.341,0.057,6.14,10.801,1292.087,61.657,47.283,Normal,9/21/25 6:08,26.349,75.516,Asia/Kolkata,0.0,Brake_Risk
8.0,0.39,0.3,0.91,0.06,4.7,9.03,929.4,14.4,44.0,Hot,9/8/25 7:50,26.7606,83.3732,Asia/Kolkata,0.0,Good
146.0,0.57,0.19,1.68,-0.09,4.05,7.25,1114.31,10.05,50.0,Rainy,9/29/25 12:01,26.7606,83.3732,Asia/Kolkata,0.0,Good
282.21,0.49,0.383,1.931,0.05,4.323,12.419,923.692,55.831,51.602,Normal,9/19/25 11:16,27.954,87.833,Asia/Kolkata,1.036,Brake_Risk
78.017,0.221,0.39,2.422,0.098,23.308,11.144,2044.224,33.92,14.239,Normal,9/24/25 18:50,29.332,90.239,Asia/Kolkata,0.96,Multi_Risk
220.845,0.296,0.412,0.936,0.128,4.755,6.192,2238.657,53.315,77.632,Rainy,9/20/25 20:46,28.416,84.682,Asia/Kolkata,0.0,Multi_Risk
58.0,0.08,0.4,2.32,0.05,11.99,10.83,2904.22,43.48,18.0,Normal,9/22/25 12:06,26.7606,83.3732,Asia/Kolkata,1.0,Good
157.0,0.44,0.38,2.36,0.06,5.65,8.41,811.73,39.37,13.0,Normal,9/22/25 12:46,26.7606,83.3732,Asia/Kolkata,0.0,Good
60.5,0.318,0.377,2.994,0.09,4.392,6.612,2034.54,57.546,52.26,Normal,9/30/25 13:51,24.249,76.386,Asia/Kolkata,1.031,Multi_Risk
58.859,0.351,0.376,3.174,0.095,4.113,5.601,2252.24,57.154,54.305,Normal,9/30/25 13:51,25.826,89.427,Asia/Kolkata,1.078,Multi_Risk
6.0,0.31,0.23,1.15,0.04,3.58,6.31,725.16,11.94,54.0,Rainy,9/7/25 13:53,26.7606,83.3732,Asia/Kolkata,0.0,Good
238.789,0.545,0.28,2.299,0.102,3.193,9.468,68.592,57.772,79.346,Normal,9/19/25 19:21,28.485,81.934,Asia/Kolkata,0.0,Multi_Risk
294.814,0.519,0.366,2.01,0.048,5.046,10.557,1082.686,53.822,47.695,Normal,9/19/25 11:16,27.881,86.05,Asia/Kolkata,1.066,Brake_Risk
49.091,0.369,0.488,2.292,0.066,6.794,10.146,1688.176,57.46,40.276,Hot,9/11/25 8:45,26.474,79.09,Asia/Kolkata,0.0,Brake_Risk
231.167,0.264,0.365,3.598,0.038,6.197,5.911,1744.271,59.787,55.531,Normal,9/21/25 8:04,28.887,86.197,Asia/Kolkata,0.0,Brake_Risk
200.0,0.15,0.22,-0.42,0.05,4.63,9.6,2480.92,69.95,48.0,Normal,9/28/25 15:32,26.7606,83.3732,Asia/Kolkata,1.0,Brake_Risk
174.0,0.45,0.35,1.24,0.11,4.6,7.69,1719.03,40.03,42.0,Normal,9/19/25 17:59,26.7606,83.3732,Asia/Kolkata,0.0,Tire_Risk
91.0,0.28,0.42,1.16,0.07,4.54,8.09,1085.01,41.92,52.0,Rainy,9/18/25 20:51,26.7606,83.3732,Asia/Kolkata,0.0,Good
196.463,0.146,0.235,-0.394,0.049,4.839,9.03,2608.894,65.567,44.166,Normal,9/28/25 15:32,27.02,88.815,Asia/Kolkata,1.013,Brake_Risk
275.0,0.56,0.74,2.35,0.1,3.83,11.63,882.69,35.91,31.0,Normal,9/19/25 17:31,26.7606,83.3732,Asia/Kolkata,0.0,Tire_Risk
159.0,0.46,0.53,1.21,-0.04,4.65,8.45,1398.08,22.97,27.0,Rainy,10/1/25 7:09,26.7606,83.3732,Asia/Kolkata,0.0,Good
184.0,0.31,0.4,1.12,0.15,6.63,27.89,3384.07,21.62,27.0,Hot,9/9/25 6:15,26.7606,83.3732,Asia/Kolkata,0.0,Tire_Risk
128.0,0.63,0.31,0.81,0.04,4.51,5.96,2851.77,0.0,41.0,Normal,9/19/25 19:06,26.7606,83.3732,Asia/Kolkata,0.0,Good
18.0,0.26,0.7,1.12,0.1,4.31,10.33,715.87,2.93,40.0,Normal,9/26/25 8:00,26.7606,83.3732,Asia/Kolkata,0.0,Tire_Risk
207.0,0.47,0.5,0.72,0.11,5.21,9.27,964.65,15.99,0.0,Normal,9/26/25 10:59,26.7606,83.3732,Asia/Kolkata,0.0,Tire_Risk
202.499,0.379,0.307,1.495,0.139,4.657,8.287,2265.499,56.798,40.744,Normal,9/19/25 17:36,24.229,83.679,Asia/Kolkata,0.964,Multi_Risk
49.0,0.54,0.89,2.89,0.01,3.34,9.8,1842.17,0.0,23.0,Normal,9/28/25 14:12,26.7606,83.3732,Asia/Kolkata,1.0,Tire_Risk
63.295,0.618,0.488,4.925,0.131,4.565,6.889,4149.446,50.674,47.945,Rainy,10/2/25 7:15,26.751,86.79,Asia/Kolkata,0.0,Multi_Risk
70.138,0.45,0.514,2.671,0.032,4.905,7.737,4348.702,68.969,41.839,Rainy,10/2/25 14:37,29.256,85.845,Asia/Kolkata,0.0,Brake_Risk
100.0,0.39,0.29,0.24,0.11,4.61,9.54,1177.1,95.78,21.0,Normal,9/26/25 12:56,26.7606,83.3732,Asia/Kolkata,1.0,Tire_Risk
113.165,0.386,0.241,1.224,0.131,5.295,8.188,748.067,57.264,39.869,Hot,9/5/25 12:03,25.483,75.667,Asia/Kolkata,0.0,Multi_Risk
227.504,0.673,0.141,0.969,0.105,3.473,8.677,2364.915,63.744,83.211,Rainy,9/25/25 8:20,27.685,81.668,Asia/Kolkata,1.066,Multi_Risk
252.47,0.543,0.343,0.327,0.091,5.525,8.011,42.709,251.445,55.258,Normal,9/26/25 12:18,24.903,78.376,Asia/Kolkata,0.0,Multi_Risk
216.0,0.36,0.44,1.8,0.02,4.4,5.77,1180.31,0.0,58.0,Normal,9/22/25 14:10,26.7606,83.3732,Asia/Kolkata,0.0,Good
203.568,0.146,0.227,-0.42,0.05,4.662,10.458,2606.598,76.066,46.823,Normal,9/28/25 15:32,25.77,91.386,Asia/Kolkata,0.982,Brake_Risk
33.0,0.25,0.3,3.31,0.08,4.81,7.72,1759.06,15.4,29.0,Hot,9/8/25 19:10,26.7606,83.3732,Asia/Kolkata,1.0,Tire_Risk
234.815,0.429,0.366,1.431,0.056,5.329,9.559,1443.267,59.789,41.203,Normal,9/21/25 6:08,24.208,83.81,Asia/Kolkata,0.0,Brake_Risk
23.0,0.37,0.47,0.99,0.1,4.55,8.69,1510.34,13.64,44.0,Normal,9/30/25 14:33,26.7606,83.3732,Asia/Kolkata,0.0,Tire_Risk
98.0,0.17,0.17,0.64,0.13,4.22,9.4,1987.23,55.17,26.0,Normal,9/26/25 10:08,26.7606,83.3732,Asia/Kolkata,1.0,Tire_Risk
10.0,0.38,0.38,1.96,0.13,3.0,7.74,1435.87,16.8,22.0,Rainy,10/1/25 12:19,26.7606,83.3732,Asia/Kolkata,0.0,Tire_Risk
63.413,0.536,0.439,5.211,0.151,4.223,8.388,4361.66,55.093,46.613,Rainy,10/2/25 7:15,28.531,80.578,Asia/Kolkata,0.0,Multi_Risk
191.642,0.144,0.23,-0.436,0.055,4.373,8.941,2554.039,64.964,50.187,Normal,9/28/25 15:32,24.133,83.195,Asia/Kolkata,1.057,Brake_Risk
196.085,0.798,0.384,2.312,0.082,2.197,10.556,2268.775,49.81,46.899,Normal,9/19/25 10:04,24.444,88.639,Asia/Kolkata,1.098,Multi_Risk
227.75,0.246,0.396,3.419,0.044,6.342,7.143,1729.668,62.478,60.908,Normal,9/21/25 8:04,28.957,81.188,Asia/Kolkata,0.0,Brake_Risk
250.021,0.322,0.361,1.5,0.052,4.156,10.051,38.794,16.603,42.869,Normal,9/28/25 9:39,25.331,76.37,Asia/Kolkata,0.0,Good
232.419,0.276,0.337,3.182,0.041,5.995,5.976,1728.98,59.081,58.996,Normal,9/21/25 8:04,25.942,91.603,Asia/Kolkata,0.0,Brake_Risk
236.0,0.24,0.32,1.39,0.03,3.66,9.51,1011.76,17.03,60.0,Normal,9/19/25 11:49,26.7606,83.3732,Asia/Kolkata,0.0,Good
248.832,0.28,0.4,3.783,0.044,6.01,6.28,1537.101,59.529,51.025,Normal,9/21/25 8:04,25.27,87.714,Asia/Kolkata,0.0,Brake_Risk
212.879,0.754,0.363,2.255,0.096,2.59,11.094,2157.467,53.939,42.903,Normal,9/19/25 10:04,25.506,89.943,Asia/Kolkata,0.998,Multi_Risk
51.76,0.498,0.454,1.406,0.021,4.468,9.983,982.568,12.977,39.745,Hot,9/11/25 17:00,24.545,87.699,Asia/Kolkata,0.0,Good
211.364,0.441,0.403,1.363,0.057,5.961,10.156,1547.619,60.897,46.994,Normal,9/21/25 6:08,24.321,84.739,Asia/Kolkata,0.0,Brake_Risk
73.791,0.406,0.562,2.535,0.032,5.021,8.172,5010.268,67.481,40.276,Rainy,10/2/25 14:37,28.351,88.57,Asia/Kolkata,0.0,Brake_Risk
75.668,0.233,0.406,2.169,0.086,26.449,9.625,2328.444,36.359,13.741,Normal,9/24/25 18:50,26.6,89.025,Asia/Kolkata,1.058,Multi_Risk
140.0,0.56,0.3,2.26,0.1,5.09,7.21,438.39,77.77,19.0,Normal,9/24/25 12:13,26.7606,83.3732,Asia/Kolkata,1.0,Tire_Risk
226.403,0.432,0.401,1.484,0.064,5.454,10.621,1565.422,56.413,48.173,Normal,9/21/25 6:08,24.322,82.365,Asia/Kolkata,0.0,Brake_Risk
212.654,0.417,0.375,1.362,0.055,6.124,10.382,1419.649,56.427,47.781,Normal,9/21/25 6:08,25.409,91.439,Asia/Kolkata,0.0,Brake_Risk
78.626,0.451,0.57,2.273,0.029,5.09,8.175,4604.048,77.83,41.921,Rainy,10/2/25 14:37,27.778,90.917,Asia/Kolkata,0.0,Brake_Risk
200.703,0.439,0.411,1.262,0.06,5.356,11.201,1420.461,59.554,41.466,Normal,9/21/25 6:08,25.678,90.044,Asia/Kolkata,0.0,Brake_Risk
29.0,0.05,0.69,2.21,0.04,4.38,7.03,1087.57,24.75,33.0,Hot,9/11/25 14:17,26.7606,83.3732,Asia/Kolkata,0.0,Good
47.276,0.385,0.582,1.951,0.075,6.389,10.891,1659.153,48.355,45.545,Hot,9/11/25 8:45,28.791,77.992,Asia/Kolkata,0.0,Brake_Risk
127.0,0.55,0.34,3.35,0.04,5.23,7.91,497.4,35.17,55.0,Rainy,9/25/25 12:29,26.7606,83.3732,Asia/Kolkata,0.0,Good
302.178,0.411,0.151,0.326,0.01,6.118,10.662,994.543,49.903,23.858,Hot,9/8/25 10:49,27.648,85.314,Asia/Kolkata,0.0,Good
244.0,0.44,0.17,0.68,0.1,4.52,8.62,493.32,26.02,58.0,Normal,9/22/25 7:25,26.7606,83.3732,Asia/Kolkata,0.0,Tire_Risk
214.0,0.46,0.39,1.36,0.06,5.8,10.21,1428.24,58.97,45.0,Normal,9/21/25 6:08,26.7606,83.3732,Asia/Kolkata,0.0,Brake_Risk
213.079,0.465,0.653,3.224,0.093,3.614,7.509,2709.085,58.465,70.809,Rainy,9/7/25 12:52,29.262,79.371,Asia/Kolkata,0.0,Multi_Risk
186.0,0.36,0.53,1.61,0.07,5.54,7.8,89.58,11.07,42.0,Rainy,10/2/25 20:03,26.7606,83.3732,Asia/Kolkata,0.0,Good
108.928,0.333,0.082,2.088,0.07,5.681,10.709,111.696,39.213,22.693,Normal,9/30/25 18:20,26.11,83.242,Asia/Kolkata,0.0,Good
47.062,0.425,0.501,2.049,0.075,7.067,10.419,1557.826,58.663,38.98,Hot,9/11/25 8:45,25.278,76.753,Asia/Kolkata,0.0,Brake_Risk
46.938,0.434,0.576,1.982,0.075,6.696,10.749,1438.218,48.756,43.972,Hot,9/11/25 8:45,29.204,86.329,Asia/Kolkata,0.0,Brake_Risk
274.0,0.43,0.37,0.47,0.09,4.8,7.36,2397.95,0.0,17.0,Normal,9/19/25 12:52,26.7606,83.3732,Asia/Kolkata,0.0,Tire_Risk
183.848,0.308,0.467,1.118,0.119,5.089,6.3,1886.767,55.222,82.145,Rainy,9/20/25 20:46,28.8,87.96,Asia/Kolkata,0.0,Multi_Risk
177.452,0.456,0.244,0.328,0.12,3.886,9.769,1504.003,0.0,25.851,Normal,9/22/25 7:04,26.756,80.072,Asia/Kolkata,0.0,Tire_Risk
2.0,0.71,0.08,2.06,0.16,4.06,10.69,961.77,27.56,40.0,Normal,9/28/25 7:22,26.7606,83.3732,Asia/Kolkata,0.0,Tire_Risk
280.0,0.81,0.54,1.81,0.15,6.21,9.67,2070.47,40.95,34.0,Normal,9/26/25 10:32,26.7606,83.3732,Asia/Kolkata,0.0,Tire_Risk
72.107,0.243,0.403,2.25,0.087,25.587,11.371,2130.402,31.703,13.704,Normal,9/24/25 18:50,27.302,81.669,Asia/Kolkata,1.05,Multi_Risk
61.594,0.526,0.44,5.338,0.127,4.407,7.556,4258.504,51.908,43.001,Rainy,10/2/25 7:15,28.916,86.381,Asia/Kolkata,0.0,Multi_Risk
129.0,0.6,0.34,0.51,0.06,5.14,9.01,1415.94,12.29,44.0,Normal,9/30/25 13:11,26.7606,83.3732,Asia/Kolkata,0.0,Good
218.805,0.148,0.233,-0.431,0.05,4.83,10.179,2580.773,73.56,43.78,Normal,9/28/25 15:32,24.792,88.95,Asia/Kolkata,0.932,Brake_Risk
70.218,0.455,0.528,2.304,0.031,4.53,7.722,4568.119,72.116,41.479,Rainy,10/2/25 14:37,27.702,75.957,Asia/Kolkata,0.0,Brake_Risk
111.0,0.66,0.3,0.03,0.11,4.68,7.14,1166.95,7.1,41.0,Rainy,9/25/25 18:16,26.7606,83.3732,Asia/Kolkata,0.0,Tire_Risk
198.739,0.45,0.372,1.406,0.062,6.301,10.77,1308.718,60.452,42.709,Normal,9/21/25 6:08,25.512,85.455,Asia/Kolkata,0.0,Brake_Risk
99.459,0.362,0.092,2.053,0.073,5.308,9.844,103.717,41.091,22.793,Normal,9/30/25 18:20,24.105,82.812,Asia/Kolkata,0.0,Good
208.791,0.758,0.333,2.214,0.093,2.517,10.996,1944.25,53.487,41.154,Normal,9/19/25 10:04,25.951,77.409,Asia/Kolkata,0.988,Multi_Risk
243.254,0.6,0.137,0.974,0.116,3.19,8.565,2378.361,66.604,92.739,Rainy,9/25/25 8:20,26.619,89.517,Asia/Kolkata,0.916,Multi_Risk
240.903,0.064,0.33,0.73,-0.049,4.419,1.682,306.439,46.826,41.066,Normal,9/19/25 19:36,29.151,87.071,Asia/Kolkata,1.003,Good
210.438,0.147,0.233,-0.444,0.052,4.957,9.601,2664.7,68.836,51.204,Normal,9/28/25 15:32,28.13,85.473,Asia/Kolkata,1.026,Brake_Risk
235.33,0.284,0.404,3.598,0.037,5.881,6.564,1606.749,58.137,58.851,Normal,9/21/25 8:04,27.298,91.175,Asia/Kolkata,0.0,Brake_Risk
265.491,0.438,0.374,2.198,0.053,4.893,11.114,995.396,49.131,46.679,Normal,9/19/25 11:16,25.57,80.093,Asia/Kolkata,0.998,Brake_Risk
140.442,0.378,0.299,1.398,0.095,4.736,10.883,1326.025,59.159,60.187,Rainy,10/1/25 6:32,26.738,75.299,Asia/Kolkata,1.052,Multi_Risk
101.001,0.117,0.44,2.521,0.03,4.765,7.565,1531.29,24.996,28.125,Normal,9/30/25 6:51,24.549,89.727,Asia/Kolkata,0.0,Good
65.685,0.622,0.436,4.952,0.136,4.194,7.176,4603.54,52.723,42.293,Rainy,10/2/25 7:15,25.163,78.533,Asia/Kolkata,0.0,Multi_Risk
86.087,0.217,0.382,0.84,0.011,3.759,2.158,1297.749,70.397,29.73,Normal,9/26/25 7:35,28.592,83.738,Asia/Kolkata,1.066,Good
184.8,0.57,0.448,1.726,0.027,4.044,11.49,567.57,7.491,48.366,Normal,9/21/25 19:02,26.367,75.637,Asia/Kolkata,0.0,Good
218.0,0.45,0.5,1.48,0.08,3.54,5.96,737.33,16.85,50.0,Hot,9/9/25 8:00,26.7606,83.3732,Asia/Kolkata,0.0,Tire_Risk
72.218,0.386,0.576,2.288,0.029,4.487,7.976,4375.012,75.198,42.648,Rainy,10/2/25 14:37,26.027,85.132,Asia/Kolkata,0.0,Brake_Risk
224.759,0.568,0.37,0.68,0.018,4.141,9.651,1015.008,20.933,56.87,Normal,9/19/25 10:43,24.356,79.939,Asia/Kolkata,0.0,Good
68.71,0.409,0.554,2.481,0.032,4.66,7.363,5101.26,76.274,41.384,Rainy,10/2/25 14:37,26.892,85.183,Asia/Kolkata,0.0,Brake_Risk
33.752,0.227,0.314,3.618,0.076,4.807,6.991,1843.466,15.148,29.303,Hot,9/8/25 19:10,27.865,81.052,Asia/Kolkata,1.05,Tire_Risk
152.232,0.462,0.683,3.202,0.098,4.636,6.582,2878.774,53.634,29.78,Rainy,10/1/25 19:18,29.422,87.24,Asia/Kolkata,0.0,Tire_Risk
63.857,0.577,0.443,5.069,0.152,3.801,8.232,4001.634,48.624,45.17,Rainy,10/2/25 7:15,28.866,78.238,Asia/Kolkata,0.0,Multi_Risk
24.021,0.31,0.479,-0.828,0.054,5.516,7.613,3100.31,32.772,53.902,Normal,9/24/25 14:30,27.815,83.8,Asia/Kolkata,0.0,Good
65.0,0.58,0.22,3.68,0.1,4.32,9.89,3616.4,50.79,32.0,Hot,9/11/25 12:15,26.7606,83.3732,Asia/Kolkata,0.0,Tire_Risk
122.0,0.51,0.3,0.82,0.16,4.24,10.24,3743.94,0.0,28.0,Normal,9/26/25 6:35,26.7606,83.3732,Asia/Kolkata,0.0,Tire_Risk
199.939,0.462,0.405,1.334,0.063,6.151,10.547,1291.439,64.22,46.695,Normal,9/21/25 6:08,24.739,85.931,Asia/Kolkata,0.0,Brake_Risk
233.0,0.61,0.29,1.24,0.09,5.8,9.7,3009.03,1.4,34.0,Normal,9/22/25 6:43,26.7606,83.3732,Asia/Kolkata,0.0,Tire_Risk
210.275,0.44,0.613,2.936,0.096,3.354,7.476,3063.572,63.402,65.592,Rainy,9/7/25 12:52,25.634,80.529,Asia/Kolkata,0.0,Multi_Risk
210.0,0.41,0.34,1.41,0.13,4.75,7.95,2156.88,52.43,43.0,Normal,9/19/25 17:36,26.7606,83.3732,Asia/Kolkata,1.0,Multi_Risk
192.839,0.258,0.483,0.951,0.129,5.166,5.402,1901.283,49.128,76.635,Rainy,9/20/25 20:46,27.943,86.931,Asia/Kolkata,0.0,Multi_Risk
57.407,0.338,0.348,3.218,0.087,4.68,6.096,2116.333,58.105,56.889,Normal,9/30/25 13:51,26.97,83.776,Asia/Kolkata,1.049,Multi_Risk
245.419,0.687,0.118,0.953,0.1,3.377,8.209,2793.45,66.748,88.435,Rainy,9/25/25 8:20,26.014,88.574,Asia/Kolkata,1.067,Multi_Risk
275.58,0.508,0.368,2.031,0.05,4.664,11.336,921.99,54.701,48.66,Normal,9/19/25 11:16,24.94,75.631,Asia/Kolkata,1.016,Brake_Risk
89.486,0.301,0.435,1.144,0.07,4.689,7.45,1105.38,45.78,56.625,Rainy,9/18/25 20:51,28.041,90.85,Asia/Kolkata,0.0,Good
63.465,0.595,0.453,4.864,0.149,3.969,6.954,3947.828,51.265,45.085,Rainy,10/2/25 7:15,24.63,88.642,Asia/Kolkata,0.0,Multi_Risk
171.0,0.49,0.27,0.35,0.12,4.25,10.11,1435.67,0.0,25.0,Normal,9/22/25 7:04,26.7606,83.3732,Asia/Kolkata,0.0,Tire_Risk
77.481,0.431,0.582,2.472,0.03,5.163,8.186,5054.648,65.346,42.971,Rainy,10/2/25 14:37,28.338,88.3,Asia/Kolkata,0.0,Brake_Risk
164.0,0.45,0.46,0.85,0.05,4.97,10.85,1274.88,40.65,17.0,Normal,9/28/25 10:59,26.7606,83.3732,Asia/Kolkata,0.0,Good
165.0,0.35,0.5,0.57,0.18,5.0,6.69,920.4,38.4,9.217413008,Normal,9/26/25 17:49,26.7606,83.3732,Asia/Kolkata,0.0,Tire_Risk
279.78,0.572,0.731,0.928,0.077,4.301,11.713,2173.522,0.0,46.319,Normal,9/26/25 12:44,28.21,91.059,Asia/Kolkata,0.0,Good
216.403,0.718,0.383,2.459,0.083,2.327,10.688,2099.545,55.498,48.393,Normal,9/19/25 10:04,28.255,81.324,Asia/Kolkata,0.951,Multi_Risk
200.809,0.153,0.212,-0.429,0.047,4.632,9.875,2673.011,73.916,43.411,Normal,9/28/25 15:32,25.987,76.852,Asia/Kolkata,1.042,Brake_Risk
75.682,0.415,0.565,2.749,0.03,4.405,7.776,4243.144,77.016,39.902,Rainy,10/2/25 14:37,24.892,90.048,Asia/Kolkata,0.0,Brake_Risk
204.905,0.736,0.351,2.158,0.093,2.366,11.678,2169.354,52.713,45.861,Normal,9/19/25 10:04,28.209,83.638,Asia/Kolkata,0.958,Multi_Risk
43.013,0.446,0.511,2.374,0.067,7.377,9.802,1477.362,50.131,46.682,Hot,9/11/25 8:45,26.952,77.057,Asia/Kolkata,0.0,Brake_Risk
201.213,0.774,0.364,2.133,0.082,2.402,11.15,2153.384,50.296,41.555,Normal,9/19/25 10:04,26.892,86.769,Asia/Kolkata,1.038,Multi_Risk
230.732,0.44,0.426,1.303,0.056,6.273,10.272,1439.923,57.635,45.214,Normal,9/21/25 6:08,27.538,87.483,Asia/Kolkata,0.0,Brake_Risk
47.639,0.445,0.556,2.326,0.07,6.089,10.841,1485.256,51.582,45.675,Hot,9/11/25 8:45,29.169,84.48,Asia/Kolkata,0.0,Brake_Risk
254.328,0.581,0.33,2.036,0.102,3.066,9.625,71.882,50.671,78.468,Normal,9/19/25 19:21,28.929,77.942,Asia/Kolkata,0.0,Multi_Risk
14.253,0.52,0.366,2.189,0.095,7.972,10.97,1010.326,1.305,52.551,Normal,9/21/25 20:27,26.943,88.521,Asia/Kolkata,0.0,Tire_Risk
76.606,0.238,0.382,2.342,0.081,23.941,11.336,2029.033,33.391,15.812,Normal,9/24/25 18:50,27.059,83.602,Asia/Kolkata,1.008,Multi_Risk
60.171,0.341,0.365,3.073,0.084,4.335,6.052,1969.231,55.34,55.639,Normal,9/30/25 13:51,28.202,82.509,Asia/Kolkata,1.089,Multi_Risk
227.118,0.483,0.361,1.378,0.064,5.442,10.845,1291.719,55.835,42.287,Normal,9/21/25 6:08,26.659,81.342,Asia/Kolkata,0.0,Brake_Risk
269.637,0.367,0.413,3.155,0.038,4.532,8.19,1878.005,0.0,28.726,Normal,9/26/25 19:15,28.895,78.015,Asia/Kolkata,0.0,Good
56.0,0.4,0.21,2.33,0.08,4.52,7.55,2463.29,14.98,44.0,Normal,9/28/25 16:32,26.7606,83.3732,Asia/Kolkata,0.0,Tire_Risk
234.051,0.465,0.352,1.291,0.062,6.262,10.821,1439.09,62.702,47.926,Normal,9/21/25 6:08,27.032,87.893,Asia/Kolkata,0.0,Brake_Risk
264.661,0.479,0.305,0.314,0.093,5.087,8.121,45.147,249.91,54.866,Normal,9/26/25 12:18,24.772,88.103,Asia/Kolkata,0.0,Multi_Risk
47.166,0.372,0.546,2.153,0.071,6.632,11.049,1615.787,58.933,46.66,Hot,9/11/25 8:45,28.801,90.318,Asia/Kolkata,0.0,Brake_Risk
44.3,0.408,0.576,2.143,0.073,6.448,9.804,1469.594,57.906,44.999,Hot,9/11/25 8:45,24.368,84.759,Asia/Kolkata,0.0,Brake_Risk
215.296,0.47,0.399,1.251,0.057,5.319,10.187,1392.864,53.98,40.781,Normal,9/21/25 6:08,25.27,75.344,Asia/Kolkata,0.0,Brake_Risk
3.0,0.42,0.36,7.2,0.08,5.06,8.8,737.17,37.76,27.0,Normal,9/21/25 6:38,26.7606,83.3732,Asia/Kolkata,0.0,Tire_Risk
130.768,0.429,0.294,1.451,0.09,5.54,10.626,1288.01,60.615,64.794,Rainy,10/1/25 6:32,24.379,83.798,Asia/Kolkata,1.078,Multi_Risk
191.0,0.48,1.24,1.9,0.05,5.77,10.08,2232.11,41.5,49.0,Normal,9/26/25 9:29,26.7606,83.3732,Asia/Kolkata,0.0,Tire_Risk
249.8,0.255,0.398,3.572,0.04,5.928,7.079,1436.714,61.708,52.267,Normal,9/21/25 8:04,27.943,81.693,Asia/Kolkata,0.0,Brake_Risk
186.509,0.71,0.387,2.431,0.083,2.378,10.337,1885.907,49.444,48.14,Normal,9/19/25 10:04,25.11,82.99,Asia/Kolkata,1.032,Multi_Risk
26.0,0.33,0.4,2.45,0.08,5.28,2.06,1910.0,35.32,18.0,Hot,9/8/25 8:48,26.7606,83.3732,Asia/Kolkata,1.0,Tire_Risk
188.849,0.162,0.209,-0.404,0.048,4.464,9.897,2672.62,65.446,47.789,Normal,9/28/25 15:32,29.379,81.119,Asia/Kolkata,0.928,Brake_Risk
84.741,0.667,0.319,0.694,0.039,6.495,11.555,325.482,0.0,47.014,Normal,9/19/25 6:57,29.409,89.539,Asia/Kolkata,0.0,Good
213.16,0.154,0.213,-0.4,0.049,4.679,8.994,2562.896,70.471,45.253,Normal,9/28/25 15:32,29.345,87.378,Asia/Kolkata,0.907,Brake_Risk
108.0,0.55,0.19,3.32,0.13,5.72,10.07,90.89,23.4,18.0,Hot,9/5/25 15:13,26.7606,83.3732,Asia/Kolkata,0.0,Tire_Risk
56.801,0.368,0.399,3.037,0.094,4.444,6.198,1933.406,57.373,49.142,Normal,9/30/25 13:51,26.79,86.657,Asia/Kolkata,1.095,Multi_Risk
263.0,0.38,0.29,2.78,0.13,4.27,5.37,1332.02,23.28,43.0,Rainy,9/6/25 13:26,26.7606,83.3732,Asia/Kolkata,0.0,Tire_Risk
190.0,0.29,0.31,1.73,0.1,4.73,7.77,1116.87,9.77,29.0,Hot,9/11/25 12:21,26.7606,83.3732,Asia/Kolkata,0.0,Tire_Risk
254.425,0.436,0.364,1.234,0.068,4.095,8.356,2811.032,23.025,30.703,Normal,9/24/25 6:11,24.149,89.672,Asia/Kolkata,0.0,Good
290.421,0.572,0.329,1.785,0.082,5.805,9.249,1631.659,29.755,20.346,Normal,9/28/25 14:56,29.424,88.323,Asia/Kolkata,0.0,Good
61.177,0.362,0.41,3.378,0.093,4.476,5.64,1959.028,52.61,58.261,Normal,9/30/25 13:51,26.317,81.42,Asia/Kolkata,0.924,Multi_Risk
311.717,0.482,0.401,1.999,0.046,4.593,11.896,1025.81,55.12,50.294,Normal,9/19/25 11:16,25.197,89.855,Asia/Kolkata,1.001,Brake_Risk
208.354,0.159,0.23,-0.453,0.051,5.004,9.93,2472.506,71.154,46.386,Normal,9/28/25 15:32,25.248,86.681,Asia/Kolkata,0.918,Brake_Risk
173.0,0.32,0.39,1.8,0.12,4.12,7.19,4136.96,32.83,21.0,Normal,9/21/25 19:48,26.7606,83.3732,Asia/Kolkata,0.0,Tire_Risk
215.095,0.55,0.299,1.895,0.101,3.065,8.648,65.506,56.405,72.708,Normal,9/19/25 19:21,28.816,84.301,Asia/Kolkata,0.0,Multi_Risk
205.0,0.74,0.36,2.35,0.09,2.4,10.68,2085.92,51.85,44.0,Normal,9/19/25 10:04,26.7606,83.3732,Asia/Kolkata,1.0,Multi_Risk
68.358,0.451,0.555,2.331,0.028,4.79,6.862,4654.866,74.77,44.439,Rainy,10/2/25 14:37,25.195,76.484,Asia/Kolkata,0.0,Brake_Risk
146.778,0.536,0.341,2.191,0.064,2.718,7.969,313.004,43.163,5.849,Normal,9/30/25 9:02,28.418,83.039,Asia/Kolkata,0.0,Good
74.365,0.263,0.417,2.092,0.09,26.106,9.859,2020.673,30.461,14.985,Normal,9/24/25 18:50,27.643,90.872,Asia/Kolkata,0.94,Multi_Risk
172.163,0.359,0.508,0.625,0.171,5.085,6.082,871.156,37.676,9.946,Normal,9/26/25 17:49,24.366,81.994,Asia/Kolkata,0.0,Tire_Risk
219.27,0.716,0.396,2.354,0.093,2.433,10.486,2033.436,47.562,44.752,Normal,9/19/25 10:04,27.221,75.176,Asia/Kolkata,0.921,Multi_Risk
139.0,0.61,0.21,3.25,0.08,4.88,10.77,2107.4,23.29,42.0,Hot,9/8/25 20:37,26.7606,83.3732,Asia/Kolkata,0.0,Good
167.727,0.389,0.558,1.488,0.066,5.005,7.717,88.735,11.904,39.376,Rainy,10/2/25 20:03,26.873,83.168,Asia/Kolkata,0.0,Good
107.94,0.409,0.252,1.463,0.129,5.574,8.443,747.249,55.152,40.247,Hot,9/5/25 12:03,26.959,87.394,Asia/Kolkata,0.0,Multi_Risk
71.464,0.389,0.566,2.59,0.027,4.442,7.512,4902.866,70.787,44.578,Rainy,10/2/25 14:37,24.236,86.207,Asia/Kolkata,0.0,Brake_Risk
236.812,0.538,0.329,0.942,0.064,5.829,7.735,1117.871,19.883,41.448,Normal,9/26/25 16:22,27.457,76.185,Asia/Kolkata,0.0,Good
74.963,0.228,0.357,2.185,0.095,23.875,11.122,2245.968,30.617,13.577,Normal,9/24/25 18:50,29.216,80.108,Asia/Kolkata,0.961,Multi_Risk
144.0,0.63,0.6,0.68,0.04,3.86,9.37,2602.75,43.42,29.0,Normal,9/19/25 20:37,26.7606,83.3732,Asia/Kolkata,0.0,Good
34.0,0.49,0.44,3.14,0.17,4.68,13.56,42.59,1.99,45.0,Hot,9/11/25 14:58,26.7606,83.3732,Asia/Kolkata,0.0,Tire_Risk
204.0,0.5,0.29,1.73,0.07,5.75,8.39,3073.66,0.0,35.0,Normal,9/21/25 11:44,26.7606,83.3732,Asia/Kolkata,0.0,Good
147.908,0.544,0.538,0.97,0.105,5.03,5.202,482.576,114.083,24.32,Rainy,9/7/25 12:09,28.407,75.905,Asia/Kolkata,0.0,Tire_Risk
285.0,0.25,0.38,0.78,0.06,4.24,8.83,282.3,6.71,25.0,Normal,9/22/25 20:13,26.7606,83.3732,Asia/Kolkata,0.0,Good
224.0,0.48,0.29,1.86,0.13,4.99,8.43,2600.01,0.0,21.0,Normal,9/24/25 18:08,26.7606,83.3732,Asia/Kolkata,0.0,Tire_Risk
76.0,0.45,0.83,2.74,0.12,6.14,13.91,868.21,0.0,49.0,Hot,9/8/25 13:22,26.7606,83.3732,Asia/Kolkata,0.0,Tire_Risk
257.582,0.509,0.42,1.855,0.046,4.237,10.482,959.742,53.573,44.402,Normal,9/19/25 11:16,24.461,75.384,Asia/Kolkata,0.963,Brake_Risk
20.0,0.56,0.39,2.53,0.09,3.47,8.73,3769.8,22.36,74.0,Rainy,9/18/25 13:32,26.7606,83.3732,Asia/Kolkata,0.0,Tire_Risk
40.0,0.42,0.18,1.16,0.04,5.5,9.14,54.97,1.66,60.0,Rainy,9/20/25 10:40,26.7606,83.3732,Asia/Kolkata,0.0,Good
126.0,0.34,0.42,1.79,0.07,4.53,9.17,3950.29,0.0,33.0,Rainy,9/25/25 10:38,26.7606,83.3732,Asia/Kolkata,0.0,Good
99.0,0.55,0.5,1.38,0.06,3.71,5.52,3118.33,55.1,24.0,Rainy,9/7/25 16:29,26.7606,83.3732,Asia/Kolkata,0.0,Good
42.0,0.38,0.42,2.52,0.16,5.31,7.9,1578.31,29.67,12.0,Normal,9/28/25 9:38,26.7606,83.3732,Asia/Kolkata,0.0,Tire_Risk
118.841,0.334,0.41,1.886,0.077,4.143,8.639,3584.964,0.0,35.773,Rainy,9/25/25 10:38,28.668,90.747,Asia/Kolkata,0.0,Good
206.0,0.58,0.55,1.92,0.18,6.53,8.0,1941.29,0.0,41.0,Hot,9/13/25 20:42,26.7606,83.3732,Asia/Kolkata,0.0,Tire_Risk
214.615,0.269,0.413,1.045,0.123,5.079,5.467,2233.576,48.826,73.721,Rainy,9/20/25 20:46,26.444,88.973,Asia/Kolkata,0.0,Multi_Risk
192.643,0.417,0.353,1.303,0.132,4.705,8.324,2089.61,52.628,42.739,Normal,9/19/25 17:36,26.156,79.93,Asia/Kolkata,1.089,Multi_Risk
169.0,0.45,0.36,0.95,0.11,4.52,8.44,796.31,44.19,40.0,Rainy,9/25/25 6:48,26.7606,83.3732,Asia/Kolkata,0.0,Tire_Risk
201.182,0.779,0.376,2.35,0.097,2.566,10.3,1959.967,56.26,47.914,Normal,9/19/25 10:04,25.25,88.087,Asia/Kolkata,1.063,Multi_Risk
304.0,0.58,0.32,1.67,0.08,5.49,9.01,1679.26,30.26,21.0,Normal,9/28/25 14:56,26.7606,83.3732,Asia/Kolkata,0.0,Good
161.0,0.36,0.25,2.22,0.06,4.89,9.92,621.75,45.21,4.0,Normal,9/22/25 15:41,26.7606,83.3732,Asia/Kolkata,0.0,Good
220.0,0.59,0.37,0.33,0.11,3.52,10.69,575.48,25.93,0.0,Normal,9/19/25 10:58,26.7606,83.3732,Asia/Kolkata,0.0,Tire_Risk
203.476,0.474,0.646,2.716,0.095,3.13,7.941,2685.776,55.95,78.002,Rainy,9/7/25 12:52,25.48,89.343,Asia/Kolkata,0.0,Multi_Risk
76.789,0.379,0.57,2.39,0.032,4.962,7.714,4456.949,74.336,44.379,Rainy,10/2/25 14:37,28.144,76.414,Asia/Kolkata,0.0,Brake_Risk
196.422,0.757,0.388,2.262,0.091,2.383,11.732,2148.345,56.82,40.503,Normal,9/19/25 10:04,24.589,89.386,Asia/Kolkata,1.076,Multi_Risk
55.0,0.4,0.34,0.6,0.1,4.41,8.69,1063.75,39.88,50.0,Normal,9/30/25 19:10,26.7606,83.3732,Asia/Kolkata,0.0,Tire_Risk
237.0,0.66,0.13,0.96,0.11,3.34,8.65,2556.7,61.1,86.0,Rainy,9/25/25 8:20,26.7606,83.3732,Asia/Kolkata,1.0,Multi_Risk
256.878,0.579,0.338,2.08,0.119,3.346,8.648,69.171,51.474,69.469,Normal,9/19/25 19:21,26.578,75.373,Asia/Kolkata,0.0,Multi_Risk
134.0,0.27,0.52,3.07,0.08,4.61,6.86,1935.09,21.25,21.0,Normal,9/30/25 16:19,26.7606,83.3732,Asia/Kolkata,0.0,Good
114.64,0.357,0.248,1.311,0.126,6.261,9.177,752.624,50.612,39.549,Hot,9/5/25 12:03,25.99,84.483,Asia/Kolkata,0.0,Multi_Risk
205.472,0.724,0.326,2.24,0.085,2.425,10.566,2185.412,53.74,42.738,Normal,9/19/25 10:04,27.039,84.472,Asia/Kolkata,1.002,Multi_Risk
136.0,0.52,0.76,2.98,0.14,3.37,9.16,747.22,31.28,42.0,Normal,9/28/25 14:31,26.7606,83.3732,Asia/Kolkata,0.0,Tire_Risk
49.943,0.405,0.486,1.998,0.077,6.644,10.83,1447.606,56.55,45.296,Hot,9/11/25 8:45,25.078,91.3,Asia/Kolkata,0.0,Brake_Risk
191.151,0.329,0.37,1.05,0.154,6.0,27.861,3388.171,19.908,26.792,Hot,9/9/25 6:15,29.175,91.706,Asia/Kolkata,0.0,Tire_Risk
213.375,0.16,0.205,-0.44,0.048,4.818,9.107,2397.954,72.047,47.041,Normal,9/28/25 15:32,26.886,83.819,Asia/Kolkata,1.068,Brake_Risk
207.98,0.145,0.22,-0.439,0.048,4.598,9.504,2309.029,72.497,49.798,Normal,9/28/25 15:32,26.455,76.447,Asia/Kolkata,0.914,Brake_Risk
246.0,0.47,0.33,1.17,0.12,1.88,10.42,882.75,38.45,25.0,Normal,9/28/25 12:32,26.7606,83.3732,Asia/Kolkata,0.0,Tire_Risk
160.0,0.28,0.31,2.25,0.09,6.37,11.04,1768.66,39.74,28.0,Hot,9/5/25 6:02,26.7606,83.3732,Asia/Kolkata,0.0,Tire_Risk
7.0,0.39,0.3,0.97,0.07,3.44,6.53,929.4,14.4,57.0,Rainy,9/23/25 15:47,26.7606,83.3732,Asia/Kolkata,0.0,Good
250.0,0.42,0.6,0.6,0.15,4.26,5.39,787.44,27.29,51.0,Normal,9/28/25 18:07,26.7606,83.3732,Asia/Kolkata,0.0,Tire_Risk
196.576,0.71,0.35,2.491,0.087,2.595,9.989,2209.701,57.027,46.136,Normal,9/19/25 10:04,27.847,85.705,Asia/Kolkata,0.904,Multi_Risk
129.114,0.355,0.247,1.229,0.109,5.496,8.488,806.563,57.45,44.926,Hot,9/5/25 12:03,26.354,85.816,Asia/Kolkata,0.0,Multi_Risk
292.756,0.514,0.398,2.109,0.055,4.298,11.338,1076.484,55.216,49.832,Normal,9/19/25 11:16,27.512,88.414,Asia/Kolkata,1.039,Brake_Risk
4.558,0.46,0.344,2.235,0.066,4.305,9.278,855.012,14.722,35.021,Normal,9/30/25 6:00,28.131,89.675,Asia/Kolkata,0.0,Good
175.0,0.34,0.74,-0.14,0.19,5.01,10.52,1730.95,45.4,30.0,Normal,9/24/25 10:36,26.7606,83.3732,Asia/Kolkata,0.0,Tire_Risk
78.5,0.432,0.581,2.298,0.031,4.786,7.323,4714.957,70.643,43.484,Rainy,10/2/25 14:37,25.435,85.115,Asia/Kolkata,0.0,Brake_Risk
227.478,0.411,0.312,1.466,0.126,5.179,8.055,2321.524,56.082,39.482,Normal,9/19/25 17:36,24.855,79.874,Asia/Kolkata,1.018,Multi_Risk
225.14,0.712,0.119,0.973,0.115,3.624,8.305,2352.856,66.722,80.158,Rainy,9/25/25 8:20,25.897,89.641,Asia/Kolkata,1.021,Multi_Risk
151.0,0.72,0.38,1.27,0.1,5.1,10.96,672.06,30.48,34.0,Normal,9/22/25 14:40,26.7606,83.3732,Asia/Kolkata,0.0,Tire_Risk
272.399,0.478,0.417,2.084,0.046,4.337,12.499,1080.887,52.198,48.723,Normal,9/19/25 11:16,28.946,85.21,Asia/Kolkata,0.978,Brake_Risk
43.0,0.24,0.82,3.67,0.19,5.92,8.83,1527.13,68.23,14.0,Normal,9/21/25 8:58,26.7606,83.3732,Asia/Kolkata,0.0,Tire_Risk
38.981,0.442,0.171,1.236,0.039,5.974,8.754,50.738,1.821,58.908,Rainy,9/20/25 10:40,26.178,86.456,Asia/Kolkata,0.0,Good
36.004,0.27,0.28,3.015,0.088,4.858,7.273,1843.251,14.321,27.037,Hot,9/8/25 19:10,28.105,81.871,Asia/Kolkata,0.943,Tire_Risk
153.0,0.66,0.32,1.7,0.08,3.21,6.3,2966.73,0.0,27.0,Rainy,9/7/25 17:49,26.7606,83.3732,Asia/Kolkata,0.0,Tire_Risk
193.0,0.53,0.43,1.64,0.03,4.47,11.46,611.44,7.94,50.0,Normal,9/21/25 19:02,26.7606,83.3732,Asia/Kolkata,0.0,Good
51.68,0.385,0.518,2.209,0.073,7.055,11.069,1594.661,54.796,45.82,Hot,9/11/25 8:45,28.323,77.921,Asia/Kolkata,0.0,Brake_Risk
155.0,0.24,0.44,1.52,0.07,5.14,9.8,2838.18,25.95,28.0,Normal,9/28/25 12:36,26.7606,83.3732,Asia/Kolkata,0.0,Good
115.0,0.5,0.34,0.52,0.07,4.82,11.04,1546.31,37.2,59.0,Normal,9/28/25 6:26,26.7606,83.3732,Asia/Kolkata,0.0,Good
46.956,0.415,0.486,2.363,0.074,7.132,9.261,1443.519,49.886,39.554,Hot,9/11/25 8:45,24.564,81.505,Asia/Kolkata,0.0,Brake_Risk
281.0,0.57,0.38,1.73,0.15,4.97,7.06,1946.56,0.0,52.0,Rainy,9/23/25 18:42,26.7606,83.3732,Asia/Kolkata,0.0,Tire_Risk
215.369,0.463,0.38,1.271,0.06,5.91,9.52,1353.203,57.093,48.769,Normal,9/21/25 6:08,29.044,78.315,Asia/Kolkata,0.0,Brake_Risk
117.0,0.52,0.35,1.41,0.14,5.32,8.59,3409.88,6.34,53.0,Normal,9/30/25 7:27,26.7606,83.3732,Asia/Kolkata,0.0,Tire_Risk
109.989,0.538,0.363,0.565,0.075,4.745,10.574,1489.066,39.518,62.138,Normal,9/28/25 6:26,27.653,87.65,Asia/Kolkata,0.0,Good
92.0,0.5,0.48,1.54,0.07,5.03,10.27,320.74,53.82,26.0,Hot,9/11/25 11:28,26.7606,83.3732,Asia/Kolkata,1.0,Good
215.763,0.374,0.356,1.29,0.122,5.097,7.778,2107.351,50.866,42.712,Normal,9/19/25 17:36,27.481,82.16,Asia/Kolkata,1.095,Multi_Risk
193.745,0.42,0.345,1.539,0.127,5.096,7.757,2250.178,57.287,47.232,Normal,9/19/25 17:36,28.922,89.94,Asia/Kolkata,0.96,Multi_Risk
185.0,0.78,0.43,0.49,0.24,4.18,12.86,207.43,53.78,12.0,Normal,9/24/25 10:52,26.7606,83.3732,Asia/Kolkata,0.0,Tire_Risk
185.312,0.8,0.357,2.294,0.083,2.18,10.147,2273.326,55.778,41.715,Normal,9/19/25 10:04,25.618,81.851,Asia/Kolkata,0.928,Multi_Risk
267.0,0.47,0.28,2.65,0.15,4.69,9.87,1654.56,5.13,62.0,Rainy,9/12/25 6:06,26.7606,83.3732,Asia/Kolkata,0.0,Tire_Risk
199.679,0.141,0.235,-0.452,0.053,4.728,9.374,2609.906,72.946,50.027,Normal,9/28/25 15:32,27.057,86.88,Asia/Kolkata,1.076,Brake_Risk
244.593,0.634,0.307,1.191,0.091,6.362,9.959,2779.649,1.528,31.717,Normal,9/22/25 6:43,24.235,86.096,Asia/Kolkata,0.0,Tire_Risk
50.644,0.379,0.586,2.275,0.066,6.86,9.764,1627.108,52.297,45.476,Hot,9/11/25 8:45,26.921,87.969,Asia/Kolkata,0.0,Brake_Risk
192.109,0.139,0.237,-0.444,0.052,4.613,10.393,2497.42,64.212,48.137,Normal,9/28/25 15:32,24.263,90.732,Asia/Kolkata,1.071,Brake_Risk
118.96,0.421,0.296,1.349,0.089,5.16,11.876,1167.061,60.525,56.045,Rainy,10/1/25 6:32,25.615,81.828,Asia/Kolkata,0.925,Multi_Risk
139.005,0.574,0.192,1.568,-0.099,4.393,7.447,1066.232,9.496,51.011,Rainy,9/29/25 12:01,25.416,80.519,Asia/Kolkata,0.0,Good
195.0,0.38,0.33,1.38,0.04,3.05,7.46,551.85,2.37,9.0,Normal,9/19/25 16:07,26.7606,83.3732,Asia/Kolkata,0.0,Good
64.966,0.62,0.465,5.425,0.153,4.403,7.24,4380.862,58.13,42.383,Rainy,10/2/25 7:15,24.226,86.811,Asia/Kolkata,0.0,Multi_Risk
136.965,0.597,0.32,0.882,0.037,4.778,5.607,3082.799,0.0,44.869,Normal,9/19/25 19:06,26.168,81.606,Asia/Kolkata,0.0,Good
112.918,0.401,0.264,1.306,0.121,6.359,8.419,829.637,52.437,44.409,Hot,9/5/25 12:03,25.416,87.559,Asia/Kolkata,0.0,Multi_Risk
123.687,0.392,0.23,1.218,0.118,5.676,8.113,822.152,58.946,39.109,Hot,9/5/25 12:03,24.856,76.155,Asia/Kolkata,0.0,Multi_Risk
198.0,0.47,0.17,0.36,0.08,26.88,9.62,280.37,15.88,48.0,Normal,9/24/25 16:27,26.7606,83.3732,Asia/Kolkata,1.0,Good
50.0,0.49,0.43,1.48,0.02,4.55,10.42,1079.93,14.14,40.0,Hot,9/11/25 17:00,26.7606,83.3732,Asia/Kolkata,0.0,Good
17.0,0.54,0.33,1.31,0.09,6.11,9.79,2892.21,32.86,32.0,Normal,9/26/25 19:19,26.7606,83.3732,Asia/Kolkata,0.0,Tire_Risk
133.0,0.61,0.32,1.06,0.05,5.32,11.08,2194.47,31.51,41.0,Hot,9/8/25 11:07,26.7606,83.3732,Asia/Kolkata,0.0,Good
205.298,0.423,0.371,1.397,0.135,4.561,8.126,2030.606,53.78,40.894,Normal,9/19/25 17:36,25.026,91.094,Asia/Kolkata,0.914,Multi_Risk
72.951,0.412,0.579,2.364,0.027,4.502,7.523,4645.427,66.096,42.101,Rainy,10/2/25 14:37,24.562,85.115,Asia/Kolkata,0.0,Brake_Risk
82.0,0.63,0.27,2.31,0.1,5.29,9.64,1704.55,0.0,34.0,Normal,9/28/25 19:31,26.7606,83.3732,Asia/Kolkata,0.0,Tire_Risk
156.0,0.53,0.27,0.84,0.12,3.32,11.36,1721.97,30.28,15.0,Normal,9/28/25 11:27,26.7606,83.3732,Asia/Kolkata,0.0,Tire_Risk
163.0,0.43,0.31,1.63,0.07,4.8,9.54,1288.43,15.54,29.0,Hot,9/8/25 17:18,26.7606,83.3732,Asia/Kolkata,0.0,Good
216.542,0.284,0.335,3.727,0.043,5.8,6.06,1692.803,56.316,57.191,Normal,9/21/25 8:04,24.363,82.153,Asia/Kolkata,0.0,Brake_Risk
202.949,0.29,0.292,3.157,0.105,3.073,8.731,1046.574,27.069,19.146,Rainy,9/16/25 16:15,29.01,91.297,Asia/Kolkata,0.0,Tire_Risk
242.0,0.64,0.59,0.4,0.15,3.81,8.24,2185.18,25.08,35.0,Normal,9/30/25 17:30,26.7606,83.3732,Asia/Kolkata,0.0,Tire_Risk
256.0,0.5,0.33,0.32,0.09,5.37,8.34,45.06,231.53,60.0,Normal,9/26/25 12:18,26.7606,83.3732,Asia/Kolkata,0.0,Multi_Risk
202.0,0.28,0.45,1.02,0.12,5.18,5.76,2066.56,53.36,75.0,Rainy,9/20/25 20:46,26.7606,83.3732,Asia/Kolkata,0.0,Multi_Risk
119.024,0.406,0.223,1.299,0.109,5.619,9.395,809.883,52.132,40.076,Hot,9/5/25 12:03,24.756,85.17,Asia/Kolkata,0.0,Multi_Risk
293.0,0.36,0.42,0.77,0.12,5.75,9.39,3812.24,29.71,59.0,Normal,9/22/25 11:08,26.7606,83.3732,Asia/Kolkata,0.0,Tire_Risk
120.0,0.38,0.51,1.75,0.1,4.04,9.41,1194.44,51.62,21.0,Normal,9/26/25 17:00,26.7606,83.3732,Asia/Kolkata,1.0,Tire_Risk
22.0,0.01,0.41,1.91,0.13,4.44,8.15,3015.6,13.67,38.0,Rainy,9/29/25 11:50,26.7606,83.3732,Asia/Kolkata,0.0,Tire_Risk
226.919,0.486,0.351,1.302,0.065,5.568,10.901,1536.549,56.342,42.779,Normal,9/21/25 6:08,25.383,77.119,Asia/Kolkata,0.0,Brake_Risk
58.483,0.566,0.475,5.184,0.131,3.84,7.72,4128.388,55.098,50.583,Rainy,10/2/25 7:15,26.278,83.514,Asia/Kolkata,0.0,Multi_Risk
262.957,0.402,0.153,0.301,0.011,6.397,10.06,1054.726,46.291,25.569,Hot,9/8/25 10:49,27.018,79.72,Asia/Kolkata,0.0,Good
73.916,0.401,0.574,2.728,0.031,4.999,7.524,4968.528,76.027,44.949,Rainy,10/2/25 14:37,29.071,77.065,Asia/Kolkata,0.0,Brake_Risk
4.0,0.38,0.34,1.74,0.08,5.4,8.66,888.56,19.67,30.0,Normal,9/22/25 16:09,26.7606,83.3732,Asia/Kolkata,0.0,Good
69.608,0.25,0.365,2.513,0.087,22.836,10.079,2374.405,35.002,13.691,Normal,9/24/25 18:50,24.419,89.339,Asia/Kolkata,0.976,Multi_Risk
261.0,0.07,0.3,0.78,-0.05,4.78,1.69,290.01,48.74,43.0,Normal,9/19/25 19:36,26.7606,83.3732,Asia/Kolkata,1.0,Good
132.0,0.48,0.43,3.3,0.09,3.85,5.91,1040.9,22.32,50.0,Rainy,9/10/25 18:41,26.7606,83.3732,Asia/Kolkata,0.0,Tire_Risk
124.0,0.56,0.59,1.42,0.06,6.26,8.83,3636.57,0.0,33.0,Normal,9/28/25 19:21,26.7606,83.3732,Asia/Kolkata,0.0,Good
141.632,0.433,0.262,1.418,0.085,4.739,10.788,1179.46,56.264,65.716,Rainy,10/1/25 6:32,27.448,87.024,Asia/Kolkata,1.069,Multi_Risk
222.403,0.279,0.346,3.657,0.037,5.54,6.793,1435.359,63.068,60.871,Normal,9/21/25 8:04,27.027,75.69,Asia/Kolkata,0.0,Brake_Risk
130.0,0.4,0.28,1.42,0.09,5.11,11.23,1223.89,56.42,60.0,Rainy,10/1/25 6:32,26.7606,83.3732,Asia/Kolkata,1.0,Multi_Risk
196.372,0.463,0.391,1.293,0.056,6.27,9.922,1525.584,57.907,48.073,Normal,9/21/25 6:08,24.203,79.368,Asia/Kolkata,0.0,Brake_Risk
294.0,0.47,0.32,2.11,0.07,5.84,7.84,3358.78,27.9,44.0,Normal,9/21/25 14:48,26.7606,83.3732,Asia/Kolkata,0.0,Good
197.052,0.448,0.386,1.44,0.062,5.995,9.864,1343.787,55.306,42.708,Normal,9/21/25 6:08,25.133,82.725,Asia/Kolkata,0.0,Brake_Risk
191.104,0.155,0.199,-0.414,0.051,4.991,8.72,2503.337,72.168,47.999,Normal,9/28/25 15:32,26.025,80.557,Asia/Kolkata,0.971,Brake_Risk
223.0,0.39,0.59,1.64,0.15,3.78,7.82,792.21,27.89,25.0,Rainy,9/25/25 20:29,26.7606,83.3732,Asia/Kolkata,0.0,Tire_Risk
41.0,0.39,0.4,1.01,0.06,4.95,7.8,3065.38,38.7,55.0,Normal,9/19/25 20:45,26.7606,83.3732,Asia/Kolkata,0.0,Good
218.021,0.289,0.391,3.341,0.041,5.527,6.637,1730.021,55.073,54.363,Normal,9/21/25 8:04,26.275,80.591,Asia/Kolkata,0.0,Brake_Risk
217.79,0.276,0.399,3.769,0.038,6.257,6.297,1552.73,61.848,61.571,Normal,9/21/25 8:04,29.225,77.166,Asia/Kolkata,0.0,Brake_Risk
307.0,0.37,0.47,0.91,0.11,4.85,10.54,360.84,42.41,46.0,Hot,9/5/25 13:13,26.7606,83.3732,Asia/Kolkata,0.0,Tire_Risk
28.0,0.66,0.45,1.18,0.1,5.16,12.85,1476.83,0.11,20.0,Hot,9/9/25 13:12,26.7606,83.3732,Asia/Kolkata,0.0,Tire_Risk
117.328,0.419,0.233,1.463,0.125,5.385,8.806,826.97,51.225,46.328,Hot,9/5/25 12:03,24.567,75.479,Asia/Kolkata,0.0,Multi_Risk
223.574,0.687,0.377,2.131,0.084,2.34,10.73,1944.959,52.612,44.373,Normal,9/19/25 10:04,27.657,91.493,Asia/Kolkata,1.004,Multi_Risk
137.563,0.382,0.275,1.437,0.094,5.065,11.867,1320.106,52.742,58.175,Rainy,10/1/25 6:32,26.808,78.053,Asia/Kolkata,1.073,Multi_Risk
69.661,0.26,0.414,2.266,0.091,26.766,9.722,2278.486,33.916,13.787,Normal,9/24/25 18:50,26.631,88.617,Asia/Kolkata,0.989,Multi_Risk
227.0,0.68,0.38,2.29,0.09,4.98,10.1,1393.36,37.6,38.0,Rainy,9/27/25 6:38,26.7606,83.3732,Asia/Kolkata,0.0,Tire_Risk
58.132,0.546,0.494,5.245,0.137,4.189,6.944,3795.621,58.445,48.588,Rainy,10/2/25 7:15,26.949,87.087,Asia/Kolkata,0.0,Multi_Risk
85.0,0.44,0.31,2.03,0.17,3.97,8.08,9286.73,0.0,82.89311518,Normal,9/19/25 17:25,26.7606,83.3732,Asia/Kolkata,0.0,Tire_Risk
237.047,0.578,0.329,2.009,0.121,3.215,8.927,64.069,48.265,76.457,Normal,9/19/25 19:21,28.89,82.82,Asia/Kolkata,0.0,Multi_Risk
132.441,0.402,0.293,1.424,0.093,5.192,10.852,1330.217,54.05,59.717,Rainy,10/1/25 6:32,27.567,86.241,Asia/Kolkata,0.974,Multi_Risk
182.0,0.53,0.3,2.22,0.01,5.4,7.14,863.93,6.45,33.0,Normal,9/30/25 19:54,26.7606,83.3732,Asia/Kolkata,0.0,Good
187.017,0.769,0.371,2.13,0.099,2.321,10.105,1930.77,51.637,47.529,Normal,9/19/25 10:04,28.146,75.374,Asia/Kolkata,1.1,Multi_Risk
68.46,0.23,0.36,2.153,0.087,23.366,10.899,2408.786,35.266,14.158,Normal,9/24/25 18:50,26.621,76.435,Asia/Kolkata,1.067,Multi_Risk
243.0,0.5,0.39,0.99,0.14,4.46,8.29,3465.1,16.36,11.0,Normal,9/24/25 20:54,26.7606,83.3732,Asia/Kolkata,0.0,Tire_Risk
75.0,0.69,0.34,0.61,-0.01,5.65,9.86,3056.13,0.0,37.0,Normal,9/30/25 15:10,26.7606,83.3732,Asia/Kolkata,0.0,Good
201.86,0.153,0.231,-0.402,0.046,4.717,10.175,2451.78,75.114,43.633,Normal,9/28/25 15:32,27.086,78.437,Asia/Kolkata,0.928,Brake_Risk
234.0,0.53,0.31,2.1,0.11,3.28,9.27,65.39,52.65,73.0,Normal,9/19/25 19:21,26.7606,83.3732,Asia/Kolkata,0.0,Multi_Risk
21.0,0.36,0.31,0.7,0.08,4.67,9.49,335.48,22.27,30.0,Normal,9/26/25 10:47,26.7606,83.3732,Asia/Kolkata,0.0,Tire_Risk
3.015,0.448,0.368,7.576,0.087,5.099,9.401,700.003,38.882,26.183,Normal,9/21/25 6:38,27.701,79.25,Asia/Kolkata,0.0,Tire_Risk
93.0,0.36,0.21,1.76,0.13,5.18,10.56,1255.04,3.54,7.0,Normal,9/24/25 7:01,26.7606,83.3732,Asia/Kolkata,0.0,Tire_Risk
226.787,0.278,0.362,3.206,0.039,5.821,7.003,1446.019,62.593,56.293,Normal,9/21/25 8:04,28.154,77.511,Asia/Kolkata,0.0,Brake_Risk
231.598,0.495,0.408,1.464,0.056,5.902,9.81,1352.371,56.266,41.741,Normal,9/21/25 6:08,29.177,82.577,Asia/Kolkata,0.0,Brake_Risk
269.039,0.537,0.343,0.289,0.081,5.897,8.093,49.553,231.447,58.756,Normal,9/26/25 12:18,26.74,83.141,Asia/Kolkata,0.0,Multi_Risk
44.577,0.422,0.572,2.35,0.075,6.418,9.218,1579.568,55.805,44.136,Hot,9/11/25 8:45,26.634,89.754,Asia/Kolkata,0.0,Brake_Risk
263.224,0.501,0.413,1.833,0.046,4.445,11.145,907.213,55.869,43.902,Normal,9/19/25 11:16,24.85,81.516,Asia/Kolkata,0.964,Brake_Risk
31.851,0.251,0.327,0.983,-0.03,3.148,10.65,1267.374,17.043,0.0,Normal,9/21/25 14:17,26.761,83.012,Asia/Kolkata,1.087,Good
277.326,0.406,0.151,0.311,0.01,6.305,11.352,902.798,41.049,28.009,Hot,9/8/25 10:49,26.26,86.457,Asia/Kolkata,0.0,Good
289.294,0.473,0.404,1.939,0.046,4.528,12.262,983.856,53.69,43.623,Normal,9/19/25 11:16,28.705,81.965,Asia/Kolkata,1.017,Brake_Risk
288.0,0.24,0.58,0.96,0.07,4.87,10.14,1853.94,4.58,54.0,Normal,9/28/25 9:23,26.7606,83.3732,Asia/Kolkata,0.0,Good
215.0,0.48,0.61,3.01,0.1,3.34,7.56,2787.72,61.93,71.0,Rainy,9/7/25 12:52,26.7606,83.3732,Asia/Kolkata,0.0,Multi_Risk
230.418,0.445,0.371,1.474,0.061,5.766,9.715,1562.972,56.49,42.395,Normal,9/21/25 6:08,24.208,77.426,Asia/Kolkata,0.0,Brake_Risk
152.0,0.29,0.31,1.87,0.12,4.56,9.41,587.74,16.99,46.0,Normal,9/22/25 16:42,26.7606,83.3732,Asia/Kolkata,0.0,Tire_Risk
138.349,0.43,0.305,1.331,0.088,5.591,11.308,1274.245,55.125,64.235,Rainy,10/1/25 6:32,28.51,83.905,Asia/Kolkata,1.013,Multi_Risk
233.331,0.498,0.356,1.448,0.039,4.365,10.792,2643.026,0.0,38.617,Normal,9/30/25 18:48,28.963,77.546,Asia/Kolkata,0.0,Good
72.0,0.3,0.32,1.7,0.02,5.29,8.46,2350.32,0.0,26.0,Normal,9/24/25 18:36,26.7606,83.3732,Asia/Kolkata,0.0,Good
228.0,0.5,0.51,1.3,0.06,3.67,9.58,2063.09,30.33,50.0,Rainy,9/20/25 19:46,26.7606,83.3732,Asia/Kolkata,0.0,Good
165.635,0.425,0.363,2.42,0.063,6.029,8.15,873.264,42.246,13.659,Normal,9/22/25 12:46,28.083,90.002,Asia/Kolkata,0.0,Good
296.0,0.57,0.38,2.4,0.11,3.98,9.36,347.14,66.92,26.0,Normal,9/21/25 9:27,26.7606,83.3732,Asia/Kolkata,1.0,Tire_Risk
253.048,0.281,0.335,3.636,0.044,5.701,6.368,1469.452,59.906,54.767,Normal,9/21/25 8:04,24.711,81.242,Asia/Kolkata,0.0,Brake_Risk
217.032,0.57,0.408,0.7,0.019,3.887,9.046,972.209,19.544,53.023,Normal,9/19/25 10:43,27.105,77.536,Asia/Kolkata,0.0,Good
